Workbook

Sheet DP və TP
A1: S/N | B1: Hüquqi aktın adı | C1: Bənd | D1: Tədbirin adı | E1: Alt tədbirin adı | F1: İcra müddəti | G1: Hüquqi akt üzrə icraçı | H1: Hüquqi akt üzrə Nazirliyin icraçı statusu | I1: Nazirlik üzrə icraçı | J1: Nazirlik üzrə Agentliyin icraçı statusu | K1: Hesabatlılığın təmin olunması üzrə | L1: Agentlik üzrə məsul bölmə | M1: İndikator | N1: Nəticə göstəricisi | O1: Maliyyə yükü | P1: 1-ci rüb plan | Q1: 1-ci rüb faktiki görülmüş iş (Monitorinq zamanı) | R1: 2-ci rüb plan | S1: 2-ci rüb faktiki görülmüş iş (Monitorinq zamanı) | T1: 3-cü rüb plan | U1: 3-cü rüb faktiki görülmüş iş (Monitorinq zamanı) | V1: 4-cü rüb plan | W1: 4-cü rüb faktiki görülmüş iş (Monitorinq zamanı) | X1: I rüb üzrə | Y1: II rüb üzrə | Z1: Yarımillik | AA1: III rüb üzrə | AB1: IV rüb üzrə | AC1: İllik | AD1: Əlavə edilmə rübü
A2: 1 | B2: “Respublikada ailə institutunun möhkəmləndirilməsi üzrə 2021–2025-ci illər üçün Milli Fəaliyyət Planı” | C2: 5.4.5. | D2: Hədəf qrupların hazırlanması və təqdim edilməsi | F2: mütəmadi | G2: Nümunə Sosial Xidmətlər Nazirliyi | H2: Əsas icraçı | I2: Nur Agentliyi, Hüquqi təminat şöbəsi, Aran Agentliyi | J2: Digər icraçı | K2: Hüquqi akt üzrə | L2: ÇAUNF,LAÜT | M2: İmzalanmış əməkdaşlıq sənədlərinin sayı | N2: 30 | P2: 7 | Q2: 6 | R2: 5 | S2: Elektron platformada 47 yeni məlumat təqdim edilmişdir | T2: 6 | V2: 7 | X2: Qismən icra | Y2: Tam icra | AA2: Qismən icra | AB2: Tam icra | AD2: 1
A3: 2 | B3: “Respublikada ailə institutunun möhkəmləndirilməsi üzrə 2021–2025-ci illər üçün Milli Fəaliyyət Planı” | C3: 6.3.9. | D3: Pilot layihə çərçivəsində icma əsaslı proqramların gücləndirilməsi | F3: mütəmadi | G3: Nümunə Sosial Xidmətlər Nazirliyi | H3: Əsas icraçı | I3: Aran Agentliyi, Nur Agentliyi | J3: Əsas icraçı | K3: Hüquqi akt üzrə | L3: ÇAUNF, LAÜT | M3: Qəbul edilmiş müraciətlərin sayı | N3: 25 | P3: 4 | Q3: 18 | R3: 7 | S3: Elektron platformada 60 yeni məlumat təqdim edilmişdir | T3: 7 | V3: 5 | X3: Qismən icra | Y3: Qismən icra | AA3: Qismən icra | AB3: Qismən icra | AD3: 1
A4: 3 | B4: “Respublikada ailə institutunun möhkəmləndirilməsi üzrə 2021–2025-ci illər üçün Milli Fəaliyyət Planı” | C4: 9.6.4. | D4: İcma əsaslı proqramların hazırlanması və təqdim edilməsi | F4: mütəmadi | G4: Nümunə Sosial Xidmətlər Nazirliyi | H4: Digər icraçı | I4: Aran Agentliyi, Zirvə Agentliyi, Koordinasiya şöbəsi | J4: Əsas icraçı | K4: Hüquqi akt üzrə | L4: BOV | M4: Hazırlanmış metodik vəsaitlərin sayı | N4: Hədəf qrupun tam əhatə olunması | O4: Vahidin dəyəri orta hesabla 755 azn | P4: Tədbirlərin təşkili | Q4: Hesabat dövründə 23 nəfər hədəf qrupdan tədbirlərə cəlb edilmişdir | R4: Siyahının formalaşdırılması | S4: 40 qurumla əməkdaşlıq çərçivəsində görüşlər təşkil olunmuşdur | T4: İcra mexanizminin tətbiqi | V4: Hədəf qrupun müəyyən edilməsi | X4: Tam icra | Y4: Tam icra | AA4: Tam icra | AB4: Tam icra | AD4: 1
A5: 4 | B5: “Respublikada ailə institutunun möhkəmləndirilməsi üzrə 2021–2025-ci illər üçün Milli Fəaliyyət Planı” | C5: 8.6.2. | D5: Ailələrin hazırlanması və təqdim edilməsi | F5: mütəmadi | G5: Nümunə Sosial Xidmətlər Nazirliyi | H5: Əsas icraçı | I5: Aran Agentliyi, Koordinasiya şöbəsi | J5: Əsas icraçı | K5: Hüquqi akt üzrə | L5: ÇAUNF, LAÜT, BOV | Q5: 48 iştirakçının əhatə olunduğu təlim sessiyaları keçirilmişdir | S5: Hesabat dövründə 52 nəfər hədəf qrupdan tədbirlərə cəlb edilmişdir | X5: Tam icra | Y5: Tam icra | AA5: Tam icra | AB5: Tam icra | AD5: 1
A6: 5 | B6: “Respublikada ailə institutunun möhkəmləndirilməsi üzrə 2021–2025-ci illər üçün Milli Fəaliyyət Planı” | C6: 8.6.6. | D6: Regionlar üzrə metodoloji vəsaitlərin hazırlanması və təqdim edilməsi | F6: mütəmadi | G6: Nümunə Sosial Xidmətlər Nazirliyi | H6: Əsas icraçı | I6: Koordinasiya şöbəsi, Aran Agentliyi | J6: Digər icraçı | K6: Hüquqi akt üzrə | L6: ÇAUNF, ÖŞŞÖG, LAÜT | M6: İmzalanmış əməkdaşlıq sənədlərinin sayı | N6: 81 | P6: 10 | Q6: Elektron platformada 51 yeni məlumat təqdim edilmişdir | R6: 14 | S6: İş planına uyğun olaraq müvafiq tədbirlər icra olunmuşdur | T6: 20 | V6: 9 | X6: Qismən icra | Y6: İcra olunmayıb | AA6: Qismən icra | AB6: İcra olunmayıb | AD6: 1
A7: 6 | B7: “Respublikada ailə institutunun möhkəmləndirilməsi üzrə 2021–2025-ci illər üçün Milli Fəaliyyət Planı” | C7: 5.5.25. | D7: Hədəf qrup üzrə yaşlı vətəndaşların əhatə dairəsinin artırılması | F7: mütəmadi | G7: Nümunə Sosial Xidmətlər Nazirliyi | H7: Əsas icraçı | I7: Aran Agentliyi, Koordinasiya şöbəsi | J7: Əsas icraçı | K7: Hüquqi akt üzrə | L7: ÇAUNF | Q7: 8 | X7: Tam icra | Y7: İcra müddətinə var | AA7: Tam icra | AB7: İcra müddətinə var | AD7: 1
A8: 7 | B8: “Respublikada ailə institutunun möhkəmləndirilməsi üzrə 2021–2025-ci illər üçün Milli Fəaliyyət Planı” | C8: 3.3.26. | D8: Əməkdaşlıq protokollarının təşkil edilməsi | F8: mütəmadi | G8: Nümunə Sosial Xidmətlər Nazirliyi | H8: Əsas icraçı | I8: İnkişaf siyasəti şöbəsi, Aran Agentliyi | J8: Əsas icraçı | K8: Hüquqi akt üzrə | L8: ZCÖSÇ | N8: 318 | P8: 74 | Q8: Planlaşdırılan işlər üzrə 23 fəaliyyət həyata keçirilmişdir | R8: 54 | S8: 34 iştirakçının əhatə olunduğu təlim sessiyaları keçirilmişdir | T8: 50 | V8: 60 | X8: Tam icra | Y8: Tam icra | AA8: Tam icra | AB8: Tam icra | AD8: 1
A9: 8 | B9: “Respublikada ailə institutunun möhkəmləndirilməsi üzrə 2021–2025-ci illər üçün Milli Fəaliyyət Planı” | C9: 2.2.15. | D9: Hədəf qrupların inkişaf etdirilməsi | F9: mütəmadi | G9: Nümunə Sosial Xidmətlər Nazirliyi | H9: Digər icraçı | I9: İnkişaf siyasəti şöbəsi, Aran Agentliyi | J9: Digər icraçı | K9: Hüquqi akt üzrə | L9: ZCÖSÇ | N9: 238 | P9: 40 | Q9: 9 qurumla əməkdaşlıq çərçivəsində görüşlər təşkil olunmuşdur | R9: 55 | S9: İş planına uyğun olaraq müvafiq tədbirlər icra olunmuşdur | T9: 28 | V9: 61 | X9: Tam icra | Y9: Qismən icra | AA9: Tam icra | AB9: Qismən icra | AD9: 1
A10: 9 | B10: “Respublikada ailə institutunun möhkəmləndirilməsi üzrə 2021–2025-ci illər üçün Milli Fəaliyyət Planı” | C10: 7.4.17. | D10: Pilot layihə çərçivəsində gənclərin davamlı olaraq həyata keçirilməsi | F10: mütəmadi | G10: Nümunə Sosial Xidmətlər Nazirliyi | H10: Əsas icraçı | I10: İnkişaf siyasəti şöbəsi, Aran Agentliyi | J10: Digər icraçı | K10: Hüquqi akt üzrə | L10: ZCÖSÇ | N10: 1 | P10: 1 | Q10: İş planına uyğun olaraq müvafiq tədbirlər icra olunmuşdur | R10: 1 | S10: 1 | T10: 1 | V10: 1 | X10: Qismən icra | Y10: İcra olunmayıb, prioritet deyil | AA10: Qismən icra | AB10: İcra olunmayıb, prioritet deyil | AD10: 1
A11: 10 | B11: “Respublikada ailə institutunun möhkəmləndirilməsi üzrə 2021–2025-ci illər üçün Milli Fəaliyyət Planı” | C11: 7.8.18. | D11: Hədəf qrup üzrə hədəf qrupların inkişaf etdirilməsi | F11: mütəmadi | G11: Nümunə Sosial Xidmətlər Nazirliyi | H11: Digər icraçı | I11: İnkişaf siyasəti şöbəsi, Aran Agentliyi | J11: Digər icraçı | K11: Tapşırıqların İcrasına Nəzarət platforması üzrə | L11: ZCÖSÇ | N11: 1245 | P11: 151 | Q11: Hesabat dövründə 30 nəfər hədəf qrupdan tədbirlərə cəlb edilmişdir | R11: 415 | S11: Hesabat dövründə 4 nəfər hədəf qrupdan tədbirlərə cəlb edilmişdir | T11: 180 | V11: 413 | X11: Tam icra | Y11: Tam icra | AA11: Tam icra | AB11: Tam icra | AD11: 1
A12: 11 | B12: “Respublikada ailə institutunun möhkəmləndirilməsi üzrə 2021–2025-ci illər üçün Milli Fəaliyyət Planı” | C12: 2.8.15. | D12: Təlim modullarının gücləndirilməsi | F12: mütəmadi | G12: Nümunə Sosial Xidmətlər Nazirliyi | H12: Əsas icraçı | I12: İnkişaf siyasəti şöbəsi, Aran Agentliyi | J12: Digər icraçı | K12: Hüquqi akt üzrə | L12: ZCÖSÇ | N12: 7 | P12: 2 | Q12: Metodik təlimatın layihəsi hazırlanmış və razılaşdırılmışdır | R12: 1 | S12: Hesabat dövründə 11 nəfər hədəf qrupdan tədbirlərə cəlb edilmişdir | T12: 1 | V12: 2 | X12: Tam icra | Y12: Tam icra | AA12: Tam icra | AB12: Tam icra | AD12: 1
A13: 12 | B13: “Respublikada ailə institutunun möhkəmləndirilməsi üzrə 2021–2025-ci illər üçün Milli Fəaliyyət Planı” | C13: 5.4.20. | D13: Hədəf qrup üzrə statistik məlumat bazasının genişləndirilməsi | F13: mütəmadi | G13: Nümunə Sosial Xidmətlər Nazirliyi | H13: Əsas icraçı | I13: İnkişaf siyasəti şöbəsi, Aran Agentliyi | J13: Əsas icraçı | K13: Tapşırıqların İcrasına Nəzarət platforması üzrə | L13: ZCÖSÇ | Q13: Elektron platformada 27 yeni məlumat təqdim edilmişdir | X13: Tam icra | Y13: İcra müddətinə var | AA13: Tam icra | AB13: İcra müddətinə var | AD13: 1
A14: 13 | B14: “Respublikada ailə institutunun möhkəmləndirilməsi üzrə 2021–2025-ci illər üçün Milli Fəaliyyət Planı” | C14: 2.3.19. | D14: Pilot layihə çərçivəsində elektron platformanın genişləndirilməsi | F14: mütəmadi | G14: Nümunə Sosial Xidmətlər Nazirliyi | H14: Əsas icraçı | I14: İnkişaf siyasəti şöbəsi, Aran Agentliyi | J14: Digər icraçı | K14: Tapşırıqların İcrasına Nəzarət platforması üzrə | L14: ZCÖSÇ | N14: 474 | P14: 151 | Q14: Metodik təlimatın layihəsi hazırlanmış və razılaşdırılmışdır | R14: 124 | S14: Hesabat dövründə 56 nəfər hədəf qrupdan tədbirlərə cəlb edilmişdir | T14: 86 | V14: 107 | X14: Tam icra | Y14: Tam icra | AA14: Tam icra | AB14: Tam icra | AD14: 1
A15: 14 | B15: “Respublikada ailə institutunun möhkəmləndirilməsi üzrə 2021–2025-ci illər üçün Milli Fəaliyyət Planı” | C15: 6.6.19. | D15: Pilot layihə çərçivəsində təlim modullarının təkmilləşdirilməsi | F15: mütəmadi | G15: Nümunə Sosial Xidmətlər Nazirliyi | H15: Əsas icraçı | I15: İnkişaf siyasəti şöbəsi, Aran Agentliyi | J15: Digər icraçı | K15: Hüquqi akt üzrə | L15: ZCÖSÇ | Q15: Planlaşdırılan işlər üzrə 48 fəaliyyət həyata keçirilmişdir | X15: Tam icra | Y15: İcra müddətinə var | AA15: Tam icra | AB15: İcra müddətinə var | AD15: 1
A16: 15 | B16: “Respublikada ailə institutunun möhkəmləndirilməsi üzrə 2021–2025-ci illər üçün Milli Fəaliyyət Planı” | C16: 8.5.10. | D16: İcma əsaslı proqramların gücləndirilməsi | F16: mütəmadi | G16: Nümunə Sosial Xidmətlər Nazirliyi | H16: Əsas icraçı | I16: Aran Agentliyi, İnkişaf siyasəti şöbəsi | J16: Digər icraçı | K16: Hüquqi akt üzrə | L16: ZCÖSÇ | N16: 578 | P16: 55 | Q16: Hesabat dövründə 33 nəfər hədəf qrupdan tədbirlərə cəlb edilmişdir | R16: 100 | S16: Metodik təlimatın layihəsi hazırlanmış və razılaşdırılmışdır | T16: 87 | V16: 173 | X16: Tam icra | Y16: Qismən icra | AA16: Tam icra | AB16: Qismən icra | AD16: 1
A17: 16 | B17: “Respublikada ailə institutunun möhkəmləndirilməsi üzrə 2021–2025-ci illər üçün Milli Fəaliyyət Planı” | C17: 3.6.14. | D17: İllik plana uyğun qiymətləndirmə meyarlarının inkişaf etdirilməsi | F17: mütəmadi | G17: Nümunə Sosial Xidmətlər Nazirliyi | H17: Əsas icraçı | I17: Aran Agentliyi, İnkişaf siyasəti şöbəsi | J17: Əsas icraçı | K17: Hüquqi akt üzrə | L17: ZCÖSÇ | N17: 205 | P17: 45 | Q17: İş planına uyğun olaraq müvafiq tədbirlər icra olunmuşdur | R17: 55 | S17: Planlaşdırılan işlər üzrə 45 fəaliyyət həyata keçirilmişdir | T17: 89 | V17: 123 | X17: Tam icra | Y17: Tam icra | AA17: Tam icra | AB17: Tam icra | AD17: 1
A18: 17 | B18: “Respublikada ailə institutunun möhkəmləndirilməsi üzrə 2021–2025-ci illər üçün Milli Fəaliyyət Planı” | C18: 8.6.13. | D18: Metodoloji vəsaitlərin təkmilləşdirilməsi | F18: mütəmadi | G18: Nümunə Sosial Xidmətlər Nazirliyi | H18: Əsas icraçı | I18: Aran Agentliyi, İnkişaf siyasəti şöbəsi | J18: Əsas icraçı | K18: Hüquqi akt üzrə | L18: ZCÖSÇ | N18: 1287 | P18: 115 | Q18: 17 qurumla əməkdaşlıq çərçivəsində görüşlər təşkil olunmuşdur | R18: 179 | S18: Hesabat dövründə 45 nəfər hədəf qrupdan tədbirlərə cəlb edilmişdir | T18: 247 | V18: 376 | X18: İcra olunmayıb | Y18: Qismən icra | AA18: İcra olunmayıb | AB18: Qismən icra | AD18: 1
A19: 18 | B19: “Respublikada ailə institutunun möhkəmləndirilməsi üzrə 2021–2025-ci illər üçün Milli Fəaliyyət Planı” | C19: 9.6.27. | D19: Pilot layihə çərçivəsində könüllü qrupların əhatə dairəsinin artırılması | F19: mütəmadi | G19: Nümunə Sosial Xidmətlər Nazirliyi | H19: Əsas icraçı | I19: Aran Agentliyi, İnkişaf siyasəti şöbəsi | J19: Əsas icraçı | K19: Hüquqi akt üzrə | L19: ZCÖSÇ | Q19: Planlaşdırılan işlər üzrə 56 fəaliyyət həyata keçirilmişdir | S19: 23 iştirakçının əhatə olunduğu təlim sessiyaları keçirilmişdir | X19: İcra olunmayıb, prioritet deyil | Y19: Tam icra | AA19: İcra olunmayıb, prioritet deyil | AB19: Tam icra | AD19: 1
A20: 19 | B20: “Respublikada ailə institutunun möhkəmləndirilməsi üzrə 2021–2025-ci illər üçün Milli Fəaliyyət Planı” | C20: 2.8.8. | D20: Könüllü qrupların təhlilinin aparılması | F20: mütəmadi | G20: Nümunə Sosial Xidmətlər Nazirliyi | H20: Əsas icraçı | I20: Aran Agentliyi, İnkişaf siyasəti şöbəsi | J20: Əsas icraçı | K20: Hüquqi akt üzrə | L20: ZCÖSÇ | Q20: 46 iştirakçının əhatə olunduğu təlim sessiyaları keçirilmişdir | X20: İcra olunmayıb | Y20: İcra müddətinə var | AA20: İcra olunmayıb | AB20: İcra müddətinə var | AD20: 1
A21: 20 | B21: “Respublikada ailə institutunun möhkəmləndirilməsi üzrə 2021–2025-ci illər üçün Milli Fəaliyyət Planı” | C21: 8.8.14. | D21: Pilot layihə çərçivəsində ailələrin inkişaf etdirilməsi | F21: mütəmadi | G21: Nümunə Sosial Xidmətlər Nazirliyi | H21: Əsas icraçı | I21: Aran Agentliyi, İnkişaf siyasəti şöbəsi | J21: Əsas icraçı | K21: Hüquqi akt üzrə | L21: ZCÖSÇ | X21: İcra olunmayıb, prioritet deyil | Y21: İcra olunmayıb, prioritet deyil | AA21: İcra olunmayıb, prioritet deyil | AB21: İcra olunmayıb, prioritet deyil | AD21: 1
A22: 21 | B22: Respublikada uşaq hüquqlarının qorunması üzrə 2023–2028-ci illər üçün Dövlət Proqramı | C22: 1.8.12. | D22: Regionlar üzrə təlim modullarının davamlı olaraq həyata keçirilməsi | E22: Statistik məlumat bazasının genişləndirilməsi | F22: 2025–2030 | G22: Mehr Qurumu, Qaya Qurumu, Səma Nazirliyi, Bəhər Nazirliyi, Dəniz Nazirliyi, Nümunə Sosial Xidmətlər Nazirliyi, Lalə Qurumu, Çinar Komitəsi, Yaylaq Qapalı Səhmdar Cəmiyyəti, Alov Agentliyi, Qeyri- Hökumət Təşkilatlarına Dövlət Dəstəyi Agentliyi | H22: Digər icraçı | I22: DÜİ, XIŞBI, MKFÜD, NMZ | J22: Digər icraçı | K22: Hüquqi akt üzrə | L22: YYÇX, ÇAUNF, ÖŞŞÖG | Q22: Metodik təlimatın layihəsi hazırlanmış və razılaşdırılmışdır | X22: Qismən icra | Y22: İcra olunmayıb, prioritet deyil | AA22: Qismən icra | AB22: İcra olunmayıb, prioritet deyil | AD22: 1
A23: 22 | B23: Respublikada uşaq hüquqlarının qorunması üzrə 2023–2028-ci illər üçün Dövlət Proqramı | E23: Hədəf qrup üzrə regional mərkəzlərin təhlilinin aparılması | F23: 2025–2030 | G23: Mehr Qurumu, Qaya Qurumu, Səma Nazirliyi, Bəhər Nazirliyi, Dəniz Nazirliyi, Nümunə Sosial Xidmətlər Nazirliyi, Lalə Qurumu, Çinar Komitəsi, Yaylaq Qapalı Səhmdar Cəmiyyəti, Alov Agentliyi, Qeyri- Hökumət Təşkilatlarına Dövlət Dəstəyi Agentliyi | H23: Digər icraçı | I23: DÜİ, XIŞBI, MKFÜD, NMZ | J23: Digər icraçı | K23: Hüquqi akt üzrə | L23: YYÇX, ÇAUNF, ÖŞŞÖG | X23: İcra müddətinə var | Y23: İcra müddətinə var | AA23: İcra müddətinə var | AB23: İcra müddətinə var | AD23: 1
A24: 23 | B24: Respublikada uşaq hüquqlarının qorunması üzrə 2023–2028-ci illər üçün Dövlət Proqramı | E24: İllik plana uyğun sosial xidmətlərin inkişaf etdirilməsi | F24: 2025–2030 | G24: Mehr Qurumu, Qaya Qurumu, Səma Nazirliyi, Bəhər Nazirliyi, Dəniz Nazirliyi, Nümunə Sosial Xidmətlər Nazirliyi, Lalə Qurumu, Çinar Komitəsi, Yaylaq Qapalı Səhmdar Cəmiyyəti, Alov Agentliyi, Qeyri- Hökumət Təşkilatlarına Dövlət Dəstəyi Agentliyi | H24: Digər icraçı | I24: DÜİ, XIŞBI, MKFÜD, NMZ | J24: Digər icraçı | K24: Hüquqi akt üzrə | L24: YYÇX, ÇAUNF, ÖŞŞÖG | X24: İcra olunmayıb | Y24: İcra müddətinə var | AA24: İcra olunmayıb | AB24: İcra müddətinə var | AD24: 1
A25: 24 | B25: Respublikada gənclərin məşğulluğunun artırılması üzrə 2020–2024-ci illər üçün Strategiyanın həyata keçirilməsi üzrə Tədbirlər Planı | C25: 7.22.8 | D25: İllik plana uyğun ailələrin əhatə dairəsinin artırılması | E25: Pilot layihə çərçivəsində informasiya sisteminin təhlilinin aparılması | F25: 2021-2025 | G25: Nümunə Sosial Xidmətlər Nazirliyi | H25: Əsas icraçı | I25: Aran Agentliyi, Hüquqi təminat şöbəsi, Sahil Qurumu, Beynəlxalq tərəfdaşlıq şöbəsi | J25: Əsas icraçı | K25: Tapşırıqların İcrasına Nəzarət platforması üzrə | L25: ÇAUNF,LAÜT | M25: Qəbul edilmiş müraciətlərin sayı | N25: 100 | P25: 30 | Q25: 83 | R25: 18 | S25: Metodik təlimatın layihəsi hazırlanmış və razılaşdırılmışdır | T25: 34 | V25: 34 | X25: Tam icra | Y25: İcra olunmayıb | AA25: Tam icra | AB25: İcra olunmayıb | AD25: 1
A26: 25 | B26: “Respublikada yaşlı vətəndaşların sosial dəstəyi üzrə 2023–2025-ci illər üçün Konsepsiyanın icrası üzrə Fəaliyyət Planı” | C26: 7.1.7.5. | D26: Regionlar üzrə statistik məlumat bazasının davamlı olaraq həyata keçirilməsi | F26: mütəmadi | G26: Nümunə Sosial Xidmətlər Nazirliyi | H26: Əsas icraçı | I26: Aran Agentliyi, Rəqəmsal transformasiya şöbəsi, Meydan Agentliyi, Koordinasiya şöbəsi | J26: Əsas icraçı | K26: Tapşırıqların İcrasına Nəzarət platforması üzrə | L26: ÇAUNF | M26: Yenilənmiş məlumat bazalarının sayı | N26: Hədəf qrup üzrə 24 tədbirin keçirilməsi | P26: Siyahının formalaşdırılması | Q26: Elektron platformada 37 yeni məlumat təqdim edilmişdir | R26: Hesabatın hazırlanması | T26: İcra mexanizminin tətbiqi | V26: Hazırlıq işlərinin aparılması | X26: Tam icra | Y26: Tam icra | AA26: Tam icra | AB26: Tam icra | AD26: 1
A27: 26 | B27: “Respublikada yaşlı vətəndaşların sosial dəstəyi üzrə 2023–2025-ci illər üçün Konsepsiyanın icrası üzrə Fəaliyyət Planı” | C27: 8.2.5.6. | D27: Tədqiqat işlərinin əhatə dairəsinin artırılması | F27: mütəmadi | G27: Nümunə Sosial Xidmətlər Nazirliyi | H27: Digər icraçı | I27: Rəqəmsal transformasiya şöbəsi, Aran Agentliyi, Koordinasiya şöbəsi | J27: Digər icraçı | K27: Hüquqi akt üzrə | L27: ÇAUNF,LAÜT,YYÇX | M27: Keçirilmiş maarifləndirmə tədbirlərinin sayı | N27: Hədəf qrup üzrə 40 tədbirin keçirilməsi | P27: 1 | Q27: 4 | R27: 1 | S27: Metodik təlimatın layihəsi hazırlanmış və razılaşdırılmışdır | T27: 1 | V27: Hədəf qrupun müəyyən edilməsi | X27: İcra olunmayıb, prioritet deyil | Y27: Tam icra | AA27: İcra olunmayıb, prioritet deyil | AB27: Tam icra | AD27: 1
A28: 27 | B28: Respublikada ətraf mühitin mühafizəsi üzrə 2020–2025-ci illər üçün Tədbirlər Proqramı | C28: 4.5.3. | D28: Hədəf qrup üzrə statistik məlumat bazasının əhatə dairəsinin artırılması | F28: Mütəmadi | G28: Bəhər Nazirliyi, Orxan Nazirliyi, Nümunə Sosial Xidmətlər Nazirliyi, Vüsal Nazirliyi, Lalə Qurumu, Çinar Komitəsi, Aydın Xidməti, Təbiət Qurumu, Günəş Nazirliyi, Ulduz Agentliyi, Bulaq Şurası | H28: Əsas icraçı | I28: Dağ Qurumu, Koordinasiya şöbəsi, Aran Agentliyi, Ərgün Xidməti | J28: Digər icraçı | K28: Hüquqi akt üzrə | L28: ÇAUNF, LAÜT | S28: Elektron platformada 33 yeni məlumat təqdim edilmişdir | X28: İcra müddətinə var | Y28: Tam icra | AA28: İcra müddətinə var | AB28: Tam icra | AD28: 1
A29: 28 | B29: Respublikada ətraf mühitin mühafizəsi üzrə 2020–2025-ci illər üçün Tədbirlər Proqramı | C29: 8.4.1. | D29: İnformasiya sisteminin gücləndirilməsi | F29: Mütəmadi | G29: Bəhər Nazirliyi, Qızıl Nazirliyi, Gümüş Komitəsi, Zümrüd Xidməti, Ənvər Xidməti, Nümunə Sosial Xidmətlər Nazirliyi, Aydın Xidməti | H29: Digər icraçı | I29: Koordinasiya şöbəsi, Aran Agentliyi, İnsan resursları şöbəsi, Ərgün Xidməti | J29: Digər icraçı | K29: Hüquqi akt üzrə | L29: ÇAUNF | M29: Aparılmış monitorinqlərin sayı | N29: 4 | Q29: 1 | R29: 2 | T29: 2 | V29: 3 | X29: Qismən icra | Y29: İcra müddətinə var | AA29: Qismən icra | AB29: İcra müddətinə var | AD29: 1
A30: 29 | B30: Respublikada ətraf mühitin mühafizəsi üzrə 2020–2025-ci illər üçün Tədbirlər Proqramı | C30: 7.1.8. | D30: Pilot layihə çərçivəsində regional mərkəzlərin inkişaf etdirilməsi | F30: Mütəmadi | G30: Bəhər Nazirliyi, Nümunə Sosial Xidmətlər Nazirliyi, Gümüş Komitəsi, Zümrüd Xidməti, Aydın Xidməti, Ənvər Xidməti, digər aidiyyəti dövlət orqanları | H30: Əsas icraçı | I30: Ərgün Xidməti, Aran Agentliyi | J30: Digər icraçı | K30: Hüquqi akt üzrə | L30: ÇAUNF | X30: İcra müddətinə var | Y30: İcra müddətinə var | AA30: İcra müddətinə var | AB30: İcra müddətinə var | AD30: 1
A31: 30 | B31: Respublikada ətraf mühitin mühafizəsi üzrə 2020–2025-ci illər üçün Tədbirlər Proqramı | C31: 6.6.1. | D31: Ailələrin gücləndirilməsi | F31: Mütəmadi | G31: Bəhər Nazirliyi, Lalə Qurumu, Çinar Komitəsi, Nümunə Sosial Xidmətlər Nazirliyi, Aydın Xidməti | H31: Digər icraçı | I31: Aran Agentliyi, Koordinasiya şöbəsi | J31: Əsas icraçı | K31: Tapşırıqların İcrasına Nəzarət platforması üzrə | L31: ÇAUNF, LAÜT | M31: Aparılmış monitorinqlərin sayı | N31: 10 | P31: 1 | Q31: 1 | R31: 3 | T31: 2 | V31: 4 | X31: Tam icra | Y31: İcra müddətinə var | AA31: Tam icra | AB31: İcra müddətinə var | AD31: 1
A32: 31 | B32: Respublikada ətraf mühitin mühafizəsi üzrə 2020–2025-ci illər üçün Tədbirlər Proqramı | C32: 5.2.4. | D32: İllik plana uyğun könüllü qrupların təşkil edilməsi | F32: Mütəmadi | G32: Nümunə Sosial Xidmətlər Nazirliyi, Lalə Qurumu, Çinar Komitəsi, Vüsal Nazirliyi, Səbuhi Agentliyi, Bəhər Nazirliyi | H32: Əsas icraçı | I32: Aran Agentliyi, Koordinasiya şöbəsi | J32: Əsas icraçı | K32: Tapşırıqların İcrasına Nəzarət platforması üzrə | L32: ÇAUNF,LAÜT | M32: Yenilənmiş məlumat bazalarının sayı | N32: Hədəf qrup üzrə 9 tədbirin keçirilməsi | P32: 1 | R32: 5 | T32: 4 | V32: 4 | X32: Gecikmə | Y32: İcra olunmayıb, prioritet deyil | AA32: Gecikmə | AB32: İcra olunmayıb, prioritet deyil | AD32: 1
A33: 32 | B33: Respublikada ətraf mühitin mühafizəsi üzrə 2020–2025-ci illər üçün Tədbirlər Proqramı | C33: 6.1.7. | D33: Pilot layihə çərçivəsində məsləhətləşmə xidmətlərinin genişləndirilməsi | F33: Mütəmadi | G33: Rəhim Nazirliyi, Bəhər Nazirliyi, Aydın Xidməti, Vüsal Nazirliyi, Nümunə Sosial Xidmətlər Nazirliyi, Lalə Qurumu, Çinar Komitəsi,digər aidiyyəti dövlət orqanları | H33: Digər icraçı | I33: Aran Agentliyi, Meydan Agentliyi | J33: Əsas icraçı | K33: Tapşırıqların İcrasına Nəzarət platforması üzrə | L33: ÇAUNF | X33: Tam icra | Y33: Tam icra | AA33: Tam icra | AB33: Tam icra | AD33: 1
A34: 33 | B34: Respublikada ətraf mühitin mühafizəsi üzrə 2020–2025-ci illər üçün Tədbirlər Proqramı | C34: 3.3.6. | D34: Statistik məlumat bazasının tətbiq olunması | F34: Mütəmadi | G34: Orxan Nazirliyi, Lalə Qurumu, Çinar Komitəsi, Nümunə Sosial Xidmətlər Nazirliyi, Bəhər Nazirliyi, ixtisaslaşmış qeyri-hökumət təşkilatlarını cəlb etməklə | H34: Digər icraçı | I34: Aran Agentliyi | J34: Əsas icraçı | K34: Tapşırıqların İcrasına Nəzarət platforması üzrə | L34: ÇAUNF | M34: Hazırlanmış metodik vəsaitlərin sayı | N34: 4 | Q34: 4 | R34: 1 | T34: 2 | V34: 1 | X34: Qismən icra | Y34: İcra müddətinə var | AA34: Qismən icra | AB34: İcra müddətinə var | AD34: 1
A35: 34 | B35: Respublikada ətraf mühitin mühafizəsi üzrə 2020–2025-ci illər üçün Tədbirlər Proqramı | C35: 7.4.3. | D35: Hədəf qrup üzrə monitorinq mexanizminin davamlı olaraq həyata keçirilməsi | F35: Mütəmadi | G35: Nümunə Sosial Xidmətlər Nazirliyi, Lalə Qurumu, Çinar Komitəsi, Orxan Nazirliyi, Səbuhi Agentliyi | H35: Digər icraçı | I35: Aran Agentliyi, Meydan Agentliyi | J35: Əsas icraçı | K35: Tapşırıqların İcrasına Nəzarət platforması üzrə | L35: ÇAUNF,LAÜT | M35: Əhatə olunan şəxslərin sayı | N35: 2 | Q35: 1 | R35: 1 | S35: Hesabat dövründə 29 nəfər hədəf qrupdan tədbirlərə cəlb edilmişdir | T35: 1 | V35: 2 | X35: Tam icra | Y35: Tam icra | AA35: Tam icra | AB35: Tam icra | AD35: 1
A36: 35 | B36: Respublikada ətraf mühitin mühafizəsi üzrə 2020–2025-ci illər üçün Tədbirlər Proqramı | C36: 9.1.7. | D36: Statistik məlumat bazasının təkmilləşdirilməsi | F36: Mütəmadi | G36: Orxan Nazirliyi, Lalə Qurumu, Çinar Komitəsi, Nümunə Sosial Xidmətlər Nazirliyi, Bəhər Nazirliyi, yerli icra hakimiyyəti orqanları, aidiyyəti qeyri-hökumət təşkilatlarını cəlb etməklə | H36: Digər icraçı | I36: Koordinasiya şöbəsi, Aran Agentliyi | J36: Digər icraçı | K36: Hüquqi akt üzrə | L36: ÇAUNF | M36: Açılmış xidmət məntəqələrinin sayı | N36: 5 | P36: 1 | Q36: 5 | R36: 2 | T36: 1 | V36: 1 | X36: İcra olunmayıb, prioritet deyil | Y36: İcra müddətinə var | AA36: İcra olunmayıb, prioritet deyil | AB36: İcra müddətinə var | AD36: 1
A37: 36 | B37: Respublikada ətraf mühitin mühafizəsi üzrə 2020–2025-ci illər üçün Tədbirlər Proqramı | C37: 2.7.2. | D37: Regionlar üzrə əməkdaşlıq protokollarının gücləndirilməsi | F37: Mütəmadi | G37: Nümunə Sosial Xidmətlər Nazirliyi, Lalə Qurumu, Çinar Komitəsi, Yerli icra hakimiyyəti orqanları | H37: Əsas icraçı | I37: Monitorinq və qiymətləndirmə şöbəsi, Aran Agentliyi | J37: Digər icraçı | K37: Hüquqi akt üzrə | L37: ZCÖSÇ | Q37: 15 iştirakçının əhatə olunduğu təlim sessiyaları keçirilmişdir | S37: Planlaşdırılan işlər üzrə 8 fəaliyyət həyata keçirilmişdir | X37: Tam icra | Y37: Tam icra | AA37: Tam icra | AB37: Tam icra | AD37: 1
A38: 37 | B38: Respublikada ətraf mühitin mühafizəsi üzrə 2020–2025-ci illər üçün Tədbirlər Proqramı | C38: 9.6.8. | D38: Regionlar üzrə məsləhətləşmə xidmətlərinin tətbiq olunması | F38: Mütəmadi | G38: Bəhər Nazirliyi, Aydın Xidməti, Lalə Qurumu, Çinar Komitəsi, Nümunə Sosial Xidmətlər Nazirliyi, Orxan Nazirliyi | H38: Digər icraçı | I38: Aran Agentliyi | J38: Digər icraçı | K38: Tapşırıqların İcrasına Nəzarət platforması üzrə | L38: ÇAUNF | Q38: 7 | X38: Qismən icra | Y38: Gecikmə | AA38: Qismən icra | AB38: Gecikmə | AD38: 1
A39: 38 | B39: Respublikada ətraf mühitin mühafizəsi üzrə 2020–2025-ci illər üçün Tədbirlər Proqramı | C39: 4.3.9. | D39: Hədəf qrup üzrə icma əsaslı proqramların təkmilləşdirilməsi | F39: Mütəmadi | G39: Lalə Qurumu, Çinar Komitəsi, Nümunə Sosial Xidmətlər Nazirliyi, Orxan Nazirliyi, Vüsal Nazirliyi, Səbuhi Agentliyi, Bəhər Nazirliyi | H39: Əsas icraçı | I39: Koordinasiya şöbəsi, Aran Agentliyi, Maliyyə və təchizat şöbəsi | J39: Digər icraçı | K39: Hüquqi akt üzrə | L39: LAÜT, HZÜ | M39: Qəbul edilmiş müraciətlərin sayı | Q39: Hesabat dövründə 24 nəfər hədəf qrupdan tədbirlərə cəlb edilmişdir | S39: Hesabat dövründə 49 nəfər hədəf qrupdan tədbirlərə cəlb edilmişdir | U39: 54 | X39: Tam icra | Y39: Qismən icra | AA39: Tam icra | AB39: Qismən icra | AD39: 1
A40: 39 | B40: Respublikada ətraf mühitin mühafizəsi üzrə 2020–2025-ci illər üçün Tədbirlər Proqramı | C40: 1.2.5. | D40: Pilot layihə çərçivəsində regional mərkəzlərin inkişaf etdirilməsi | F40: Mütəmadi | G40: Bəhər Nazirliyi, Qızıl Nazirliyi, Gümüş Komitəsi, Zümrüd Xidməti, Ənvər Xidməti, Nümunə Sosial Xidmətlər Nazirliyi, Aydın Xidməti, Orxan Nazirliyi, Rəhim Nazirliyi, Lalə Qurumu, Çinar Komitəsi, Ulduz Agentliyi | H40: Digər icraçı | I40: Kəmalə Qurumu, Aran Agentliyi, Ərgün Xidməti | J40: Digər icraçı | K40: Hüquqi akt üzrə | L40: ÇAUNF | M40: Açılmış xidmət məntəqələrinin sayı | N40: 6 | P40: 2 | Q40: 1 | R40: 2 | T40: 3 | V40: 2 | X40: Tam icra | Y40: İcra müddətinə var | AA40: Tam icra | AB40: İcra müddətinə var | AD40: 1
A41: 40 | B41: Respublikada ətraf mühitin mühafizəsi üzrə 2020–2025-ci illər üçün Tədbirlər Proqramı | C41: 7.6.9. | D41: Regionlar üzrə sosial xidmətlərin əhatə dairəsinin artırılması | F41: Mütəmadi | G41: Bəhər Nazirliyi, Zümrüd Xidməti, Aydın Xidməti, Ənvər Xidməti, Gümüş Komitəsi, Nigar Qurumu Tural Nazirliyi, Lalə Qurumu, Çinar Komitəsi, Vüsal Nazirliyi, digər aidiyyəti dövlət orqanları ixtisaslaşmış qeyri-hökumət təşkilatlarını və beynəlxalq təşkilatları cəlb etməklə | H41: Digər icraçı | I41: Dağ Qurumu, Aran Agentliyi, Kəmalə Qurumu | J41: Digər icraçı | K41: Hüquqi akt üzrə | L41: ÇAUNF | X41: İcra müddətinə var | Y41: İcra müddətinə var | AA41: İcra müddətinə var | AB41: İcra müddətinə var | AD41: 1
A42: 41 | B42: Respublikada ətraf mühitin mühafizəsi üzrə 2020–2025-ci illər üçün Tədbirlər Proqramı | C42: 6.2.4. | D42: Pilot layihə çərçivəsində könüllü qrupların təhlilinin aparılması | F42: Mütəmadi | G42: Bəhər Nazirliyi, Nümunə Sosial Xidmətlər Nazirliyi, Orxan Nazirliyi, Lalə Qurumu, Çinar Komitəsi, Aydın Xidməti, Rəhim Nazirliyi, Vüsal Nazirliyi, Dəniz Nazirliyi, Elnur Nazirliyi, Təbiət Qurumu, Günəş Nazirliyi, Ulduz Agentliyi, Alov Agentliyi, Bulaq Şurası, Fidan Qapalı Səhmdar Cəmiyyəti, aidiyyəti qeyri-hökumət təşkilatlarını cəlb etməklə | H42: Digər icraçı | I42: Kommunikasiya şöbəsi, Koordinasiya şöbəsi, Aran Agentliyi | J42: Digər icraçı | K42: Tapşırıqların İcrasına Nəzarət platforması üzrə | L42: YYÇX, LAÜT, ÇAUNF | P42: Tədbirlərin təşkili | R42: Siyahının formalaşdırılması | S42: Metodik təlimatın layihəsi hazırlanmış və razılaşdırılmışdır | T42: Siyahının formalaşdırılması | V42: İcra mexanizminin tətbiqi | X42: İcra olunmayıb, prioritet deyil | Y42: Tam icra | AA42: İcra olunmayıb, prioritet deyil | AB42: Tam icra | AD42: 1
A43: 42 | B43: Respublikada ətraf mühitin mühafizəsi üzrə 2020–2025-ci illər üçün Tədbirlər Proqramı | C43: 8.7.8. | D43: Regionlar üzrə ailələrin tətbiq olunması | F43: Mütəmadi | G43: Bəhər Nazirliyi, Nümunə Sosial Xidmətlər Nazirliyi, Orxan Nazirliyi, Vüsal Nazirliyi, Rəhim Nazirliyi, Dəniz Nazirliyi, Elnur Nazirliyi, Lalə Qurumu, Çinar Komitəsi, Aydın Xidməti, Ulduz Agentliyi,Təbiət Qurumu, Günəş Nazirliyi, Bulaq Şurası, Fidan Qapalı Səhmdar Cəmiyyəti, maarifləndirmə tədbirlərini və təlimləri təşkil edən digər dövlət qurumları aidiyyəti qeyri-hökumət təşkilatlarını cəlb etməklə | H43: Digər icraçı | I43: Koordinasiya şöbəsi, Aran Agentliyi | J43: Digər icraçı | K43: Hüquqi akt üzrə | L43: ÇAUNF | M43: İmzalanmış əməkdaşlıq sənədlərinin sayı | Q43: 3 | X43: Tam icra | Y43: İcra müddətinə var | AA43: Tam icra | AB43: İcra müddətinə var | AD43: 1
A44: 43 | B44: Respublikada rəqəmsal xidmətlərin inkişafı üzrə 2025–2027-ci illər üçün Milli Fəaliyyət Planı | C44: 11.7.6. | D44: Gənclərin genişləndirilməsi | F44: mütəmadi | G44: Lalə Qurumu, Çinar Komitəsi, Orxan Nazirliyi, Vüsal Nazirliyi, Nümunə Sosial Xidmətlər Nazirliyi, Yasin Komitəsi, aidiyyəti yerli icra hakimiyyəti orqanları Tövsiyə edilsin: Sevil Qurumu, aidiyyəti qeyri-hökumət təşkilatları | H44: Digər icraçı | I44: Koordinasiya şöbəsi, Statistika və hesabat şöbəsi, Kommunikasiya şöbəsi, Aran Agentliyi, Meydan Agentliyi, Rüfət Agentliyi | J44: Əsas icraçı | K44: Hüquqi akt üzrə | L44: ÇAUNF, LAÜT | M44: Hazırlanmış hesabatların sayı | N44: Hədəf qrup üzrə 13 tədbirin keçirilməsi | T44: 4 | V44: 4 | X44: Gecikmə | Y44: İcra müddətinə var | AA44: Gecikmə | AB44: İcra müddətinə var | AD44: 1
A45: 44 | B45: Respublikada rəqəmsal xidmətlərin inkişafı üzrə 2025–2027-ci illər üçün Milli Fəaliyyət Planı | C45: 27.3.6. | D45: İnformasiya sisteminin inkişaf etdirilməsi | F45: mütəmadi | G45: Lalə Qurumu, Çinar Komitəsi, Nümunə Sosial Xidmətlər Nazirliyi Tövsiyə edilsin: Sevil Qurumu, Mələk Şurası | H45: Digər icraçı | I45: Koordinasiya şöbəsi, Kommunikasiya şöbəsi, Aran Agentliyi | J45: Digər icraçı | K45: Hüquqi akt üzrə | L45: YYÇX, ÇAUNF | R45: Hazırlıq işlərinin aparılması | X45: Gecikmə | Y45: İcra olunmayıb | AA45: Gecikmə | AB45: İcra olunmayıb | AD45: 1
A46: 45 | B46: Respublikada rəqəmsal xidmətlərin inkişafı üzrə 2025–2027-ci illər üçün Milli Fəaliyyət Planı | C46: 18.4.6. | D46: Hədəf qrupların hazırlanması və təqdim edilməsi | F46: Mütəmadi | G46: Lalə Qurumu, Çinar Komitəsi, Nümunə Sosial Xidmətlər Nazirliyi, Bəhər Nazirliyi, Vüsal Nazirliyi Tövsiyə edilsin: Sevil Qurumu, Respublika Rəhbərliyi yanında Qeyri-Hökumət Təşkilatlarına Dövlət Dəstəyi Şurası | H46: Digər icraçı | I46: Kommunikasiya şöbəsi, Koordinasiya şöbəsi, Aran Agentliyi | J46: Digər icraçı | K46: Hüquqi akt üzrə | L46: ÇAUNF,LAÜT,YYÇX | M46: Təşkil olunan təlimlərin sayı | N46: Hədəf qrup üzrə 43 tədbirin keçirilməsi | P46: Hesabatın hazırlanması | R46: Hazırlıq işlərinin aparılması | T46: İcra mexanizminin tətbiqi | V46: 1 | X46: İcra olunmayıb, prioritet deyil | Y46: Tam icra | AA46: İcra olunmayıb, prioritet deyil | AB46: Tam icra | AD46: 1
A47: 46 | B47: Respublikada rəqəmsal xidmətlərin inkişafı üzrə 2025–2027-ci illər üçün Milli Fəaliyyət Planı | C47: 20.7.1. | D47: Regionlar üzrə ailələrin davamlı olaraq həyata keçirilməsi | F47: Mütəmadi | G47: Lalə Qurumu, Çinar Komitəsi, Nümunə Sosial Xidmətlər Nazirliyi, Dəniz Nazirliyi Tövsiyə edilsin: aidiyyəti qeyri-hökumət təşkilatları, Bəxtiyar Qurumu | H47: Digər icraçı | I47: Kommunikasiya şöbəsi, Aran Agentliyi, Rüfət Agentliyi | J47: Digər icraçı | K47: Hüquqi akt üzrə | L47: ÇAUNF,LAÜT | X47: İcra olunmayıb, prioritet deyil | Y47: İcra olunmayıb, prioritet deyil | AA47: İcra olunmayıb, prioritet deyil | AB47: İcra olunmayıb, prioritet deyil | AD47: 1
A48: 47 | B48: Respublikada rəqəmsal xidmətlərin inkişafı üzrə 2025–2027-ci illər üçün Milli Fəaliyyət Planı | C48: 24.2.9. | D48: Regionlar üzrə sosial xidmətlərin təkmilləşdirilməsi | F48: Mütəmadi | G48: Nümunə Sosial Xidmətlər Nazirliyi, Lalə Qurumu, Çinar Komitəsi Tövsiyə edilsin: aidiyyəti qeyri-hökumət təşkilatları | H48: Əsas icraçı | I48: Koordinasiya şöbəsi, Aran Agentliyi | J48: Digər icraçı | K48: Hüquqi akt üzrə | L48: ÇAUNF | M48: Yenilənmiş məlumat bazalarının sayı | N48: Plana uyğun icra | X48: İcra olunmayıb, prioritet deyil | Y48: İcra müddətinə var | AA48: İcra olunmayıb, prioritet deyil | AB48: İcra müddətinə var | AD48: 1
A49: 48 | B49: Respublikada rəqəmsal xidmətlərin inkişafı üzrə 2025–2027-ci illər üçün Milli Fəaliyyət Planı | C49: 17.6.4. | D49: Pilot layihə çərçivəsində elektron platformanın gücləndirilməsi | F49: Mütəmadi | G49: Bəhər Nazirliyi, Orxan Nazirliyi, Vüsal Nazirliyi, Nümunə Sosial Xidmətlər Nazirliyi, Lalə Qurumu, Çinar Komitəsi, Təbiət Qurumu, Günəş Nazirliyi, Yerli icra hakimiyyəti orqanları | H49: Digər icraçı | I49: Koordinasiya şöbəsi, Aran Agentliyi | J49: Digər icraçı | K49: Hüquqi akt üzrə | L49: ÇAUNF | M49: Hazırlanmış hesabatların sayı | N49: Hədəf qrup üzrə 3 tədbirin keçirilməsi | R49: 1 | T49: 1 | V49: 1 | X49: İcra olunmayıb, prioritet deyil | Y49: İcra olunmayıb, prioritet deyil | AA49: İcra olunmayıb, prioritet deyil | AB49: İcra olunmayıb, prioritet deyil | AD49: 1
A50: 49 | B50: Respublikada rəqəmsal xidmətlərin inkişafı üzrə 2025–2027-ci illər üçün Milli Fəaliyyət Planı | C50: 25.9.2. | D50: İllik plana uyğun gənclərin təkmilləşdirilməsi | F50: Mütəmadi | G50: Lalə Qurumu, Çinar Komitəsi, Nümunə Sosial Xidmətlər Nazirliyi, Vüsal Nazirliyi, Orxan Nazirliyi Tövsiyə edilsin: aidiyyəti qeyri-hökumət təşkilatları, Bəxtiyar Qurumu | H50: Əsas icraçı | I50: Strateji inkişaf şöbəsi, Arzu Agentliyi, Aran Agentliyi | J50: Digər icraçı | K50: Hüquqi akt üzrə | L50: ARUAN | M50: Açılmış xidmət məntəqələrinin sayı | N50: Hədəf qrup üzrə 33 tədbirin keçirilməsi | O50: Qurumun daxili resursları hesabına | R50: Hazırlıq işlərinin aparılması | T50: Tədbirlərin təşkili | X50: İcra müddətinə var | Y50: İcra olunmayıb, prioritet deyil | AA50: İcra müddətinə var | AB50: İcra olunmayıb, prioritet deyil | AD50: 1
A51: 50 | B51: Respublikada rəqəmsal xidmətlərin inkişafı üzrə 2025–2027-ci illər üçün Milli Fəaliyyət Planı | C51: 20.9.9. | D51: Regional mərkəzlərin təşkil edilməsi | F51: Mütəmadi | G51: Lalə Qurumu, Çinar Komitəsi, Nümunə Sosial Xidmətlər Nazirliyi, Bəhər Nazirliyi, Orxan Nazirliyi Tövsiyə edilsin: Sevil Qurumu, aidiyyəti qeyri-hökumət təşkilatları | H51: Digər icraçı | I51: Kommunikasiya şöbəsi, Aran Agentliyi, Rüfət Agentliyi | J51: Digər icraçı | K51: Hüquqi akt üzrə | L51: YYÇX, ÇAUNF, LAÜT | M51: Hazırlanmış hesabatların sayı | N51: Hədəf qrup üzrə 28 tədbirin keçirilməsi | P51: Hesabatın hazırlanması | R51: Tədbirlərin təşkili | S51: Planlaşdırılan işlər üzrə 27 fəaliyyət həyata keçirilmişdir | T51: İcra mexanizminin tətbiqi | V51: Siyahının formalaşdırılması | X51: İcra müddətinə var | Y51: Tam icra | AA51: İcra müddətinə var | AB51: Tam icra | AD51: 1
A52: 51 | B52: “Respublikada regional inkişaf üzrə 2024–2029-ci illər üçün Dövlət Proqramı” | C52: 3.7.8.1. | D52: Pilot layihə çərçivəsində yaşlı vətəndaşların əhatə dairəsinin artırılması | E52: Hədəf qrup üzrə yaşlı vətəndaşların təhlilinin aparılması | F52: 2026 | G52: Nümunə Sosial Xidmətlər Nazirliyi | H52: Əsas icraçı | I52: Koordinasiya şöbəsi, Sima Fondu, Aran Agentliyi, Xidmət standartları şöbəsi, Daxili nəzarət şöbəsi | J52: Digər icraçı | K52: Hüquqi akt üzrə | L52: MX,RIR | Q52: 26 iştirakçının əhatə olunduğu təlim sessiyaları keçirilmişdir | X52: Tam icra | Y52: İcra olunmayıb, prioritet deyil | AA52: Tam icra | AB52: İcra olunmayıb, prioritet deyil | AD52: 1
A53: 52 | B53: “Respublikada regional inkişaf üzrə 2024–2029-ci illər üçün Dövlət Proqramı” | C53: 6.8.4.4. | D53: İllik plana uyğun könüllü qrupların gücləndirilməsi | E53: İllik plana uyğun icma əsaslı proqramların davamlı olaraq həyata keçirilməsi | F53: 2022-2026 | G53: Nümunə Sosial Xidmətlər Nazirliyi | H53: Əsas icraçı | I53: Koordinasiya şöbəsi, Aran Agentliyi, Kamran Mərkəzi, Strateji inkişaf şöbəsi, Dağ Qurumu | J53: Digər icraçı | K53: Tapşırıqların İcrasına Nəzarət platforması üzrə | L53: ÇAUNF, LAÜT, ARUAN | M53: Keçirilmiş maarifləndirmə tədbirlərinin sayı | N53: Hədəf qrup üzrə 6 tədbirin keçirilməsi | O53: Qurumun daxili resursları hesabına | P53: Tədbirlərin təşkili | Q53: 5 | R53: Siyahının formalaşdırılması | S53: İş planına uyğun olaraq müvafiq tədbirlər icra olunmuşdur | T53: İcra mexanizminin tətbiqi | V53: Hazırlıq işlərinin aparılması | X53: Tam icra | Y53: Tam icra | AA53: Tam icra | AB53: Tam icra | AD53: 1
A54: 53 | B54: “Respublikada regional inkişaf üzrə 2024–2029-ci illər üçün Dövlət Proqramı” | E54: Hədəf qrup üzrə könüllü qrupların davamlı olaraq həyata keçirilməsi | G54: Nümunə Sosial Xidmətlər Nazirliyi | H54: Əsas icraçı | I54: Koordinasiya şöbəsi, Aran Agentliyi, Kamran Mərkəzi, Strateji inkişaf şöbəsi, Dağ Qurumu | J54: Digər icraçı | K54: Tapşırıqların İcrasına Nəzarət platforması üzrə | L54: ÇAUNF, LAÜT, ARUAN | M54: İmzalanmış əməkdaşlıq sənədlərinin sayı | N54: Hədəf qrup üzrə 6 tədbirin keçirilməsi | S54: Metodik təlimatın layihəsi hazırlanmış və razılaşdırılmışdır | V54: 21 | X54: İcra müddətinə var | Y54: Tam icra | AA54: İcra müddətinə var | AB54: Tam icra | AD54: 1
A55: 54 | B55: “Respublikada regional inkişaf üzrə 2024–2029-ci illər üçün Dövlət Proqramı” | E55: Monitorinq mexanizminin hazırlanması və təqdim edilməsi | F55: 2026 | G55: Nümunə Sosial Xidmətlər Nazirliyi | H55: Əsas icraçı | I55: Koordinasiya şöbəsi, Aran Agentliyi, Kamran Mərkəzi, Strateji inkişaf şöbəsi, Dağ Qurumu | J55: Digər icraçı | K55: Hüquqi akt üzrə | L55: ÇAUNF, LAÜT, ARUAN, MXT | X55: İcra müddətinə var | Y55: İcra olunmayıb, prioritet deyil | AA55: İcra müddətinə var | AB55: İcra olunmayıb, prioritet deyil | AD55: 1
A56: 55 | B56: “Respublikada regional inkişaf üzrə 2024–2029-ci illər üçün Dövlət Proqramı” | E56: Statistik məlumat bazasının təhlilinin aparılması | F56: 2026 | G56: Nümunə Sosial Xidmətlər Nazirliyi | H56: Əsas icraçı | I56: Koordinasiya şöbəsi, Aran Agentliyi, Kamran Mərkəzi, Strateji inkişaf şöbəsi, Dağ Qurumu | J56: Digər icraçı | K56: Hüquqi akt üzrə | L56: ÇAUNF, LAÜT, ARUAN | X56: İcra müddətinə var | Y56: İcra müddətinə var | AA56: İcra müddətinə var | AB56: İcra müddətinə var | AD56: 1
A57: 56 | B57: “Respublikada regional inkişaf üzrə 2024–2029-ci illər üçün Dövlət Proqramı” | C57: 4.2.3.9. | D57: Hədəf qrupların gücləndirilməsi | E57: Regionlar üzrə maarifləndirmə kampaniyalarının hazırlanması və təqdim edilməsi | G57: Nümunə Sosial Xidmətlər Nazirliyi | H57: Əsas icraçı | I57: Monitorinq və qiymətləndirmə şöbəsi, Koordinasiya şöbəsi, Aran Agentliyi, Rüfət Agentliyi, Daxili nəzarət şöbəsi | J57: Digər icraçı | K57: Hüquqi akt üzrə | L57: ZCÖSÇ | Q57: İş planına uyğun olaraq müvafiq tədbirlər icra olunmuşdur | S57: Planlaşdırılan işlər üzrə 4 fəaliyyət həyata keçirilmişdir | X57: Tam icra | Y57: Tam icra | AA57: Tam icra | AB57: Tam icra | AD57: 1
A58: 57 | B58: “Respublikada regional inkişaf üzrə 2024–2029-ci illər üçün Dövlət Proqramı” | E58: Statistik məlumat bazasının gücləndirilməsi | F58: 2023-2026 | G58: Nümunə Sosial Xidmətlər Nazirliyi | H58: Əsas icraçı | I58: Monitorinq və qiymətləndirmə şöbəsi, Koordinasiya şöbəsi, Aran Agentliyi, Rüfət Agentliyi, Daxili nəzarət şöbəsi | J58: Digər icraçı | K58: Hüquqi akt üzrə | L58: ZCÖSÇ | N58: 212 | P58: 33 | Q58: 7 iştirakçının əhatə olunduğu təlim sessiyaları keçirilmişdir | R58: 28 | S58: 27 qurumla əməkdaşlıq çərçivəsində görüşlər təşkil olunmuşdur | T58: İcra mexanizminin tətbiqi | V58: Hesabatın hazırlanması | X58: Tam icra | Y58: Qismən icra | AA58: Tam icra | AB58: Qismən icra | AD58: 1
A59: 58 | B59: “Respublikada regional inkişaf üzrə 2024–2029-ci illər üçün Dövlət Proqramı” | E59: Hədəf qrup üzrə qiymətləndirmə meyarlarının davamlı olaraq həyata keçirilməsi | F59: 2023-2026 | G59: Nümunə Sosial Xidmətlər Nazirliyi | H59: Əsas icraçı | I59: Monitorinq və qiymətləndirmə şöbəsi, Koordinasiya şöbəsi, Aran Agentliyi, Rüfət Agentliyi, Daxili nəzarət şöbəsi | J59: Digər icraçı | K59: Hüquqi akt üzrə | L59: ZCÖSÇ | N59: 46 | P59: 3 | Q59: Elektron platformada 35 yeni məlumat təqdim edilmişdir | R59: 5 | S59: Metodik təlimatın layihəsi hazırlanmış və razılaşdırılmışdır | T59: Hazırlıq işlərinin aparılması | V59: Tədbirlərin təşkili | X59: Tam icra | Y59: Qismən icra | AA59: Tam icra | AB59: Qismən icra | AD59: 1
A60: 59 | B60: “Respublikada regional inkişaf üzrə 2024–2029-ci illər üçün Dövlət Proqramı” | E60: Regionlar üzrə müraciətlərin qəbulu prosesinin inkişaf etdirilməsi | F60: 2023-2026 | G60: Nümunə Sosial Xidmətlər Nazirliyi | H60: Əsas icraçı | I60: Monitorinq və qiymətləndirmə şöbəsi, Koordinasiya şöbəsi, Aran Agentliyi, Rüfət Agentliyi, Daxili nəzarət şöbəsi | J60: Digər icraçı | K60: Hüquqi akt üzrə | L60: ZCÖSÇ | N60: 232 | P60: 36 | Q60: Hesabat dövründə 23 nəfər hədəf qrupdan tədbirlərə cəlb edilmişdir | R60: 72 | S60: Planlaşdırılan işlər üzrə 22 fəaliyyət həyata keçirilmişdir | T60: İcra mexanizminin tətbiqi | V60: Hədəf qrupun müəyyən edilməsi | X60: Tam icra | Y60: İcra olunmayıb, prioritet deyil | AA60: Tam icra | AB60: İcra olunmayıb, prioritet deyil | AD60: 1
A61: 60 | B61: Respublikada təhsilə çıxışın genişləndirilməsi üzrə 2024–2029-ci illər üçün Strategiyanın həyata keçirilməsi üzrə Tədbirlər Planı | C61: 4.4.20. | D61: Regionlar üzrə informasiya sisteminin təhlilinin aparılması | F61: 2023 - 2026 | G61: Aidiyyəti qurumlar, ÇKYF, USƏ, AİP, FBNŞO, ÜFKR, Zeynal Qurumu | H61: Digər icraçı | I61: Layihələrin idarə olunması şöbəsi, Nazirliyin tabeliyindəki qurumlar | J61: Digər icraçı | K61: Hüquqi akt üzrə | L61: MXT | X61: İcra olunmayıb, prioritet deyil | Y61: İcra müddətinə var | AA61: İcra olunmayıb, prioritet deyil | AB61: İcra müddətinə var | AD61: 1
A62: 61 | B62: Respublikada təhsilə çıxışın genişləndirilməsi üzrə 2024–2029-ci illər üçün Strategiyanın həyata keçirilməsi üzrə Tədbirlər Planı | C62: 2.3.21. | D62: Statistik məlumat bazasının əhatə dairəsinin artırılması | F62: 2022 - 2026 | G62: VP, KİYCR, TİC, NICOL, AİP, KCOÇK, FBNŞO, DÜHXE | H62: Digər icraçı | I62: Hüquqi təminat şöbəsi, Nur Agentliyi, Aran Agentliyi | J62: Əsas icraçı | K62: Hüquqi akt üzrə | L62: ÖŞŞÖG, LAÜT, ÇAUNF | X62: İcra müddətinə var | Y62: İcra müddətinə var | AA62: İcra müddətinə var | AB62: İcra müddətinə var | AD62: 1
A63: 62 | B63: Respublikada təhsilə çıxışın genişləndirilməsi üzrə 2024–2029-ci illər üçün Strategiyanın həyata keçirilməsi üzrə Tədbirlər Planı | C63: 3.5.6. | D63: Hədəf qrup üzrə metodoloji vəsaitlərin tətbiq olunması | F63: 2023 - 2026 | G63: NICOL, ÇKYF, AİP, FBNŞO | H63: Əsas icraçı | I63: Layihələrin idarə olunması şöbəsi,Nazirliyin tabeliyindəki qurumlar, Xidmət standartları şöbəsi | J63: Digər icraçı | K63: Hüquqi akt üzrə | L63: RIR | X63: İcra müddətinə var | Y63: İcra müddətinə var | AA63: İcra müddətinə var | AB63: İcra müddətinə var | AD63: 1
A64: 63 | B64: Respublikada təhsilə çıxışın genişləndirilməsi üzrə 2024–2029-ci illər üçün Strategiyanın həyata keçirilməsi üzrə Tədbirlər Planı | C64: 5.6.3.3. | D64: Metodoloji vəsaitlərin davamlı olaraq həyata keçirilməsi | F64: 2023 - 2026 | G64: NICOL, ÇKYF, AİP, FBNŞO | H64: Əsas icraçı | I64: Layihələrin idarə olunması şöbəsi, Hüquqi təminat şöbəsi, Nur Agentliyi, Aran Agentliyi, MVAI İnfrastruktur Mərkəzi | J64: Digər icraçı | K64: Hüquqi akt üzrə | L64: ÇAUNF, MXT | X64: Gecikmə | Y64: İcra müddətinə var | AA64: Gecikmə | AB64: İcra müddətinə var | AD64: 1
A65: 64 | B65: Respublikada təhsilə çıxışın genişləndirilməsi üzrə 2024–2029-ci illər üçün Strategiyanın həyata keçirilməsi üzrə Tədbirlər Planı | C65: 3.2.5. | D65: İllik plana uyğun könüllü qrupların təkmilləşdirilməsi | F65: 2022 - 2026 | G65: KCOÇK, Ramin Qurumu, NICOL, AİP, FBNŞO | H65: Digər icraçı | I65: Statistika və hesabat şöbəsi,Meydan Agentliyi, Aran Agentliyi | J65: Digər icraçı | K65: Hüquqi akt üzrə | L65: TSP | X65: Qismən icra | Y65: İcra olunmayıb, prioritet deyil | AA65: Qismən icra | AB65: İcra olunmayıb, prioritet deyil | AD65: 1
A66: 65 | B66: Respublikada təhsilə çıxışın genişləndirilməsi üzrə 2024–2029-ci illər üçün Strategiyanın həyata keçirilməsi üzrə Tədbirlər Planı | C66: 6.7.6. | D66: Hədəf qrup üzrə könüllü qrupların təkmilləşdirilməsi | F66: 2022 - 2026 | G66: KCOÇK, Nümunə Sosial Xidmətlər Nazirliyi | H66: Digər icraçı | I66: Statistika və hesabat şöbəsi,Meydan Agentliyi, Aran Agentliyi | J66: Digər icraçı | K66: Hüquqi akt üzrə | L66: ÖŞŞÖG, ÇAUNF | S66: Hesabat dövründə 13 nəfər hədəf qrupdan tədbirlərə cəlb edilmişdir | X66: İcra müddətinə var | Y66: Tam icra | AA66: İcra müddətinə var | AB66: Tam icra | AD66: 1
A67: 66 | B67: Respublikada icma əsaslı xidmətlərin inkişafı üzrə 2023–2026-ci illər üçün Konsepsiyanın icrası üzrə Fəaliyyət Planı | C67: 3 | D67: Hədəf qrup üzrə icma əsaslı proqramların gücləndirilməsi | F67: Mütəmadi | G67: Nümunə Sosial Xidmətlər Nazirliyi | H67: Əsas icraçı | I67: Metodologiya şöbəsi, İnformasiya təhlükəsizliyi şöbəsi, Nazirliyin tabeliyində Sosial Xidmətlər Agentliyi | J67: Əsas icraçı | K67: Hüquqi akt üzrə | L67: YYÇX, ZCÖSÇ | P67: Tədbirlərin təşkili | R67: Hədəf qrupun müəyyən edilməsi | S67: 52 iştirakçının əhatə olunduğu təlim sessiyaları keçirilmişdir | T67: İcra mexanizminin tətbiqi | V67: Siyahının formalaşdırılması | X67: İcra olunmayıb, prioritet deyil | Y67: Tam icra | AA67: İcra olunmayıb, prioritet deyil | AB67: Tam icra | AD67: 1
A68: 67 | B68: “Respublikada könüllülük hərəkatının təşviqi üzrə 2021–2025-ci illər üçün Tədbirlər Proqramı” | C68: 8.4.4.2 | D68: Hədəf qrup üzrə könüllü qrupların inkişaf etdirilməsi | E68: Maarifləndirmə kampaniyalarının gücləndirilməsi | F68: 2026 | G68: Nümunə Sosial Xidmətlər Nazirliyi Lamiə Nazirliyi, yerli icra hakimiyyəti orqanları | H68: Digər icraçı | I68: Aran Agentliyi, Koordinasiya şöbəsi, Layihələrin idarə olunması şöbəsi, “MVAI” İnfrastruktur Mərkəzi | J68: Əsas icraçı | K68: Tapşırıqların İcrasına Nəzarət platforması üzrə | L68: TSP | N68: Sənədin hazırlanması və təsdiqi | X68: İcra müddətinə var | Y68: İcra müddətinə var | AA68: İcra müddətinə var | AB68: İcra müddətinə var | AD68: 1
A69: 68 | B69: “Respublikada könüllülük hərəkatının təşviqi üzrə 2021–2025-ci illər üçün Tədbirlər Proqramı” | C69: 7.4.1.7. | D69: Pilot layihə çərçivəsində gənclərin inkişaf etdirilməsi | E69: Pilot layihə çərçivəsində monitorinq mexanizminin təşkil edilməsi | F69: 2026 | G69: Nümunə Sosial Xidmətlər Nazirliyi Lamiə Nazirliyi, Lalə Qurumu, Çinar Komitəsi, yerli icra hakimiyyəti orqanları Nümunə Sosial Xidmətlər Nazirliyi Vüsal Nazirliyi, Səbuhi Agentliyi, Cavid Birliyi, yerli icra hakimiyyəti orqanları | H69: Əsas icraçı | I69: Koordinasiya şöbəsi Aran Agentliyi, Maliyyə və təchizat şöbəsi, Hüquqi təminat şöbəsi, Nur Agentliyi | J69: Digər icraçı | K69: Hüquqi akt üzrə | L69: MXT, MX, ÖŞŞÖG | Q69: Hesabat dövründə 33 nəfər hədəf qrupdan tədbirlərə cəlb edilmişdir | X69: Qismən icra | Y69: İcra müddətinə var | AA69: Qismən icra | AB69: İcra müddətinə var | AD69: 1
A70: 69 | B70: “Respublikada könüllülük hərəkatının təşviqi üzrə 2021–2025-ci illər üçün Tədbirlər Proqramı” | C70: 7.4.9.4 | D70: Hədəf qrup üzrə metodoloji vəsaitlərin təşkil edilməsi | E70: Hədəf qrup üzrə elektron platformanın genişləndirilməsi | F70: 2025 2026 | G70: Lalə Qurumu, Çinar Komitəsi Nümunə Sosial Xidmətlər Nazirliyi, Bəhər Nazirliyi, Nərgiz Şurası, yerli icra hakimiyyəti orqanları | H70: Əsas icraçı | I70: Aran Agentliyi, Rüfət Agentliyi | J70: Əsas icraçı | K70: Tapşırıqların İcrasına Nəzarət platforması üzrə | L70: ZCÖSÇ, ÖŞŞÖG, ÇAUNF, RIR | M70: Dəstək alan ailələrin sayı | N70: Hədəf qrup üzrə 39 tədbirin keçirilməsi | R70: Hesabatın hazırlanması | T70: Hazırlıq işlərinin aparılması | V70: Tədbirlərin təşkili | X70: İcra müddətinə var | Y70: İcra müddətinə var | AA70: İcra müddətinə var | AB70: İcra müddətinə var | AD70: 1
A71: 70 | B71: “Respublikada könüllülük hərəkatının təşviqi üzrə 2021–2025-ci illər üçün Tədbirlər Proqramı” | C71: 6.9.8.4 | E71: Hədəf qrup üzrə statistik məlumat bazasının tətbiq olunması | F71: 2026 | G71: Lalə Qurumu, Çinar Komitəsi Nümunə Sosial Xidmətlər Nazirliyi, Bəhər Nazirliyi, Nərgiz Şurası, yerli icra hakimiyyəti orqanları | H71: Digər icraçı | I71: Aran Agentliyi, Rüfət Agentliyi | J71: Əsas icraçı | K71: Tapşırıqların İcrasına Nəzarət platforması üzrə | L71: ZCÖSÇ, ÖŞŞÖG, ÇAUNF, RIR | X71: İcra müddətinə var | Y71: İcra olunmayıb, prioritet deyil | AA71: İcra müddətinə var | AB71: İcra olunmayıb, prioritet deyil | AD71: 1
A72: 71 | B72: “Respublikada könüllülük hərəkatının təşviqi üzrə 2021–2025-ci illər üçün Tədbirlər Proqramı” | C72: 1.7.8.5 | E72: Təlim modullarının gücləndirilməsi | F72: 2026 | G72: Nümunə Sosial Xidmətlər Nazirliyi, Yerli icra hakimiyyəti orqanları | H72: Əsas icraçı | I72: Aran Agentliyi, Rüfət Agentliyi | J72: Əsas icraçı | K72: Tapşırıqların İcrasına Nəzarət platforması üzrə | L72: LAÜT | M72: Hazırlanmış hesabatların sayı | N72: Hədəf qrup üzrə 49 tədbirin keçirilməsi | S72: 45 iştirakçının əhatə olunduğu təlim sessiyaları keçirilmişdir | T72: 266 | X72: Gecikmə | Y72: Tam icra | AA72: Gecikmə | AB72: Tam icra | AD72: 1
A73: 72 | B73: “Respublikada könüllülük hərəkatının təşviqi üzrə 2021–2025-ci illər üçün Tədbirlər Proqramı” | C73: 4.2.1.2. | D73: İnformasiya sisteminin genişləndirilməsi | E73: Məsləhətləşmə xidmətlərinin hazırlanması və təqdim edilməsi | F73: 2023 2024 2025 2026 | G73: Nümunə Sosial Xidmətlər Nazirliyi, Lalə Qurumu, Çinar Komitəsi, Səbuhi Agentliyi | H73: Əsas icraçı | I73: Aran Agentliyi, İnkişaf siyasəti şöbəsi | J73: Əsas icraçı | K73: Tapşırıqların İcrasına Nəzarət platforması üzrə | L73: ZCÖSÇ | Q73: 45 iştirakçının əhatə olunduğu təlim sessiyaları keçirilmişdir | S73: 15 qurumla əməkdaşlıq çərçivəsində görüşlər təşkil olunmuşdur | X73: Tam icra | Y73: Tam icra | AA73: Tam icra | AB73: Tam icra | AD73: 1
A74: 73 | B74: “Respublikada könüllülük hərəkatının təşviqi üzrə 2021–2025-ci illər üçün Tədbirlər Proqramı” | C74: 6.1.8. | D74: Statistik məlumat bazasının hazırlanması və təqdim edilməsi | F74: 2023 2024 2025 2026 | G74: Nümunə Sosial Xidmətlər Nazirliyi Lalə Qurumu, Çinar Komitəsi, Lamiə Nazirliyi, Vüsal Nazirliyi, yerli icra hakimiyyəti orqanları | H74: Əsas icraçı | I74: İnkişaf siyasəti şöbəsi Aran Agentliyi | J74: Digər icraçı | K74: Tapşırıqların İcrasına Nəzarət platforması üzrə | L74: ZCÖSÇ | S74: Metodik təlimatın layihəsi hazırlanmış və razılaşdırılmışdır | X74: Gecikmə | Y74: Qismən icra | AA74: Gecikmə | AB74: Qismən icra | AD74: 1
A75: 74 | B75: “Respublikada könüllülük hərəkatının təşviqi üzrə 2021–2025-ci illər üçün Tədbirlər Proqramı” | C75: 5.2.1.6. | E75: İllik plana uyğun maarifləndirmə kampaniyalarının əhatə dairəsinin artırılması | F75: 2023 2024 2025 2026 | G75: Nümunə Sosial Xidmətlər Nazirliyi Lalə Qurumu, Çinar Komitəsi, Lamiə Nazirliyi, Vüsal Nazirliyi, yerli icra hakimiyyəti orqanları | H75: Əsas icraçı | I75: İnkişaf siyasəti şöbəsi Aran Agentliyi | J75: Digər icraçı | K75: Hüquqi akt üzrə | L75: ZCÖSÇ | Q75: Metodik təlimatın layihəsi hazırlanmış və razılaşdırılmışdır | S75: Metodik təlimatın layihəsi hazırlanmış və razılaşdırılmışdır | X75: Tam icra | Y75: Tam icra | AA75: Tam icra | AB75: Tam icra | AD75: 1
A76: 75 | B76: “Respublikada könüllülük hərəkatının təşviqi üzrə 2021–2025-ci illər üçün Tədbirlər Proqramı” | C76: 7.9.7.2. | D76: İllik plana uyğun müraciətlərin qəbulu prosesinin əhatə dairəsinin artırılması | E76: Regionlar üzrə hədəf qrupların təkmilləşdirilməsi | F76: 2025 2026 | G76: Nümunə Sosial Xidmətlər Nazirliyi, Lalə Qurumu, Çinar Komitəsi, Lamiə Nazirliyi, Səbuhi Agentliyi, Cavid Birliyi, yerli icra hakimiyyəti orqanları | H76: Əsas icraçı | I76: Səbinə Agentliyi, Layihələrin idarə olunması şöbəsi, Koordinasiya şöbəsi | J76: Əsas icraçı | K76: Tapşırıqların İcrasına Nəzarət platforması üzrə | L76: LAÜT | M76: Aparılmış monitorinqlərin sayı | S76: Metodik təlimatın layihəsi hazırlanmış və razılaşdırılmışdır | T76: 25 | X76: Gecikmə | Y76: Qismən icra | AA76: Gecikmə | AB76: Qismən icra | AD76: 1
A77: 76 | B77: “Respublikada könüllülük hərəkatının təşviqi üzrə 2021–2025-ci illər üçün Tədbirlər Proqramı” | C77: 7.9.5.2 | D77: Regionlar üzrə əməkdaşlıq protokollarının təkmilləşdirilməsi | E77: İcma əsaslı proqramların genişləndirilməsi | F77: 2026 | G77: Nümunə Sosial Xidmətlər Nazirliyi, Lalə Qurumu, Çinar Komitəsi, Elçin Nazirliyi | H77: Əsas icraçı | I77: Səbinə Agentliyi, Ceyhun Mərkəzi, Rüfət Agentliyi | J77: Digər icraçı | K77: Tapşırıqların İcrasına Nəzarət platforması üzrə | L77: LAÜT | M77: Təşkil olunan təlimlərin sayı | S77: Metodik təlimatın layihəsi hazırlanmış və razılaşdırılmışdır | T77: 13 | X77: İcra olunmayıb, prioritet deyil | Y77: Tam icra | AA77: İcra olunmayıb, prioritet deyil | AB77: Tam icra | AD77: 1
A78: 77 | B78: Respublikada peşə hazırlığının təkmilləşdirilməsi üzrə 2019–2021-ci illər üçün Milli Fəaliyyət Planı | C78: 3.8.2.4. | D78: Hədəf qrup üzrə icma əsaslı proqramların hazırlanması və təqdim edilməsi | E78: İnformasiya sisteminin təkmilləşdirilməsi | F78: 2023-2024 | G78: VP, Nümunə Sosial Xidmətlər Nazirliyi, KİYCR, HNRKC, aidiyyəti CLK-ləri cəlb etməklə | H78: Digər icraçı | I78: Aran Agentliyi | J78: Əsas icraçı | K78: Tapşırıqların İcrasına Nəzarət platforması üzrə | L78: ARUAN | M78: İştirak edən qurumların sayı | N78: Hədəf qrup üzrə 15 tədbirin keçirilməsi | O78: Qurumun daxili resursları hesabına | R78: Hesabatın hazırlanması | T78: Hazırlıq işlərinin aparılması | X78: İcra müddətinə var | Y78: Gecikmə | AA78: İcra müddətinə var | AB78: Gecikmə | AD78: 1
A79: 78 | B79: Respublikada peşə hazırlığının təkmilləşdirilməsi üzrə 2019–2021-ci illər üçün Milli Fəaliyyət Planı | C79: 9.1.9.2. | E79: İllik plana uyğun informasiya sisteminin təhlilinin aparılması | F79: 2023-2024 | G79: VP, Nümunə Sosial Xidmətlər Nazirliyi, KİYCR, HNRKC, aidiyyəti CLK-ləri cəlb etməklə | H79: Digər icraçı | I79: Aran Agentliyi | J79: Əsas icraçı | K79: Tapşırıqların İcrasına Nəzarət platforması üzrə | L79: ARUAN | M79: Dəstək alan ailələrin sayı | N79: Hədəf qrup üzrə 55 tədbirin keçirilməsi | O79: Qurumun daxili resursları hesabına | R79: İcra mexanizminin tətbiqi | T79: Siyahının formalaşdırılması | X79: İcra müddətinə var | Y79: İcra müddətinə var | AA79: İcra müddətinə var | AB79: İcra müddətinə var | AD79: 1
A80: 79 | B80: Respublikada peşə hazırlığının təkmilləşdirilməsi üzrə 2019–2021-ci illər üçün Milli Fəaliyyət Planı | C80: 3.3.2.3. | E80: İnformasiya sisteminin təşkil edilməsi | F80: 2023-2024 | G80: VP, Nümunə Sosial Xidmətlər Nazirliyi, KİYCR, HNRKC, aidiyyəti CLK-ləri cəlb etməklə | H80: Digər icraçı | I80: Aran Agentliyi | J80: Əsas icraçı | K80: Tapşırıqların İcrasına Nəzarət platforması üzrə | L80: ARUAN | M80: Qəbul edilmiş müraciətlərin sayı | N80: Hədəf qrup üzrə 12 tədbirin keçirilməsi | O80: Qurumun daxili resursları hesabına | R80: Hesabatın hazırlanması | T80: Hazırlıq işlərinin aparılması | X80: Gecikmə | Y80: İcra müddətinə var | AA80: Gecikmə | AB80: İcra müddətinə var | AD80: 1
A81: 80 | B81: Respublikada gender bərabərliyinin təmin olunması üzrə 2023–2027-ci illər üçün Dövlət Proqramı | C81: 9.1.9. | D81: Hədəf qrup üzrə statistik məlumat bazasının əhatə dairəsinin artırılması | F81: Mütəmadi | G81: Nümunə Sosial Xidmətlər Nazirliyi | H81: Əsas icraçı | I81: Aran Agentliyi | J81: Əsas icraçı | K81: Tapşırıqların İcrasına Nəzarət platforması üzrə | L81: BOV | M81: Hazırlanmış metodik vəsaitlərin sayı | N81: Hədəf qrupun tam əhatə olunması | O81: Vahidin dəyəri orta hesabla 1438 azn | P81: Tədbirlərin təşkili | Q81: 30 qurumla əməkdaşlıq çərçivəsində görüşlər təşkil olunmuşdur | R81: Siyahının formalaşdırılması | S81: 11 qurumla əməkdaşlıq çərçivəsində görüşlər təşkil olunmuşdur | T81: İcra mexanizminin tətbiqi | V81: Hədəf qrupun müəyyən edilməsi | X81: Tam icra | Y81: Tam icra | AA81: Tam icra | AB81: Tam icra | AD81: 1
A82: 81 | B82: Respublikada gender bərabərliyinin təmin olunması üzrə 2023–2027-ci illər üçün Dövlət Proqramı | C82: 6.4.8. | D82: Əməkdaşlıq protokollarının tətbiq olunması | F82: Mütəmadi | G82: Nümunə Sosial Xidmətlər Nazirliyi | H82: Əsas icraçı | I82: Aran Agentliyi | J82: Əsas icraçı | K82: Hüquqi akt üzrə | L82: ÇAUNF | Q82: 5 | X82: Tam icra | Y82: İcra müddətinə var | AA82: Tam icra | AB82: İcra müddətinə var | AD82: 1
A83: 82 | B83: Respublikada gender bərabərliyinin təmin olunması üzrə 2023–2027-ci illər üçün Dövlət Proqramı | C83: 5.6.2. | D83: Regionlar üzrə statistik məlumat bazasının genişləndirilməsi | F83: Mütəmadi | G83: Nümunə Sosial Xidmətlər Nazirliyi | H83: Əsas icraçı | I83: Aran Agentliyi | J83: Əsas icraçı | K83: Tapşırıqların İcrasına Nəzarət platforması üzrə | L83: ÇAUNF | M83: Yenilənmiş məlumat bazalarının sayı | N83: 441 | P83: 100 | Q83: 179 | R83: 100 | T83: 100 | V83: 100 | X83: Tam icra | Y83: İcra müddətinə var | AA83: Tam icra | AB83: İcra müddətinə var | AD83: 1
A84: 83 | B84: “Respublikada şəffaflığın və hesabatlılığın artırılması üzrə 2021–2025-ci illər üçün Strategiyanın həyata keçirilməsi üzrə Tədbirlər Planı” | C84: 5.5. | D84: Regionlar üzrə metodoloji vəsaitlərin inkişaf etdirilməsi | F84: Mütəmadi | G84: Nümunə Sosial Xidmətlər Nazirliyi | H84: Əsas icraçı | I84: Aran Agentliyi | J84: Əsas icraçı | K84: Tapşırıqların İcrasına Nəzarət platforması üzrə | L84: BH | M84: 115 | N84: Sənədin hazırlanması və təsdiqi | O84: 9 106 750,49 | P84: 74 | Q84: 1 | R84: 115 | T84: 70 | V84: 107 | X84: Tam icra | Y84: İcra olunmayıb, prioritet deyil | AA84: Tam icra | AB84: İcra olunmayıb, prioritet deyil | AD84: 1
A85: 84 | B85: Respublikada inklüziv mühitin yaradılması üzrə 2025–2030-ci illər üçün Konsepsiyanın icrası üzrə Fəaliyyət Planı | C85: 8.5.7. | D85: İllik plana uyğun məsləhətləşmə xidmətlərinin gücləndirilməsi | F85: Mütəmadi | G85: Nümunə Sosial Xidmətlər Nazirliyi | H85: Əsas icraçı | I85: Aran Agentliyi | J85: Əsas icraçı | K85: Tapşırıqların İcrasına Nəzarət platforması üzrə | L85: LAÜT | M85: İmzalanmış əməkdaşlıq sənədlərinin sayı | S85: Metodik təlimatın layihəsi hazırlanmış və razılaşdırılmışdır | T85: 2158 | X85: İcra olunmayıb | Y85: Qismən icra | AA85: İcra olunmayıb | AB85: Qismən icra | AD85: 1
A86: 85 | B86: Respublikada yoxsulluğun azaldılması üzrə 2019–2022-ci illər üçün Tədbirlər Proqramı | C86: 2 | D86: Pilot layihə çərçivəsində tədqiqat işlərinin inkişaf etdirilməsi | F86: 43506 | G86: Nümunə Sosial Xidmətlər Nazirliyi | H86: Əsas icraçı | I86: Region əlaqələri şöbəsi, İnsan resursları şöbəsi, Koordinasiya şöbəsi, Təşkilati inkişaf şöbəsi Qanunvericilik təhlili şöbəsi, Planlaşdırma və analiz 2 şöbəsi, Daxili nəzarət şöbəsi, Gülşən Fondu, Orxan Xidməti, Ərgün Xidməti, Tahir Xidməti, Rüfət Agentliyi | J86: Əsas icraçı | K86: Hüquqi akt üzrə | L86: ÖŞŞÖG, TSP, ARUAN, ZCÖSÇ, LAÜT, ÇAUNF, BOV, ÖGÖM | M86: Təşkil olunan təlimlərin sayı | N86: Hədəf qrup üzrə 14 tədbirin keçirilməsi | O86: Qurumun daxili resursları hesabına | T86: Hədəf qrupun müəyyən edilməsi | X86: Gecikmə | Y86: Qismən icra | AA86: Gecikmə | AB86: Qismən icra | AD86: 1
A87: 86 | B87: Respublikada yoxsulluğun azaldılması üzrə 2019–2022-ci illər üçün Tədbirlər Proqramı | C87: 3 | D87: Regionlar üzrə regional mərkəzlərin əhatə dairəsinin artırılması | F87: Mütəmadi | G87: Nümunə Sosial Xidmətlər Nazirliyi | H87: Əsas icraçı | I87: Region əlaqələri şöbəsi, İnsan resursları şöbəsi, Koordinasiya şöbəsi, Təşkilati inkişaf şöbəsi Qanunvericilik təhlili şöbəsi, Planlaşdırma və analiz 2 şöbəsi, Daxili nəzarət şöbəsi , Gülşən Fondu, Orxan Xidməti, Ərgün Xidməti, Tahir Xidməti, Rüfət Agentliyi | J87: Əsas icraçı | K87: Hüquqi akt üzrə | L87: ÖŞŞÖG, TSP, ARUAN, ZCÖSÇ, LAÜT, ÇAUNF, BOV, ÖGÖM | X87: İcra müddətinə var | Y87: İcra müddətinə var | AA87: İcra müddətinə var | AB87: İcra müddətinə var | AD87: 1
A88: 87 | B88: “Respublikada sağlam həyat tərzinin təbliği üzrə 2022–2026-ci illər üçün Milli Fəaliyyət Planı” | C88: 8.3. | D88: Pilot layihə çərçivəsində könüllü qrupların təkmilləşdirilməsi | F88: 2023-2050 | G88: Nümunə Sosial Xidmətlər Nazirliyi | H88: Əsas icraçı | I88: Aran Agentliyi | J88: Əsas icraçı | K88: Tapşırıqların İcrasına Nəzarət platforması üzrə | L88: TSP, DZMDA | N88: Sənədin hazırlanması və təsdiqi | S88: Hesabat dövründə 15 nəfər hədəf qrupdan tədbirlərə cəlb edilmişdir | X88: İcra müddətinə var | Y88: İcra olunmayıb, prioritet deyil | AA88: İcra müddətinə var | AB88: İcra olunmayıb, prioritet deyil | AD88: 1
A89: 88 | B89: Respublikada məlumat təhlükəsizliyinin gücləndirilməsi üzrə 2025–2027-ci illər üçün Dövlət Proqramı | C89: 8.25.1.4. | D89: Könüllü qrupların təhlilinin aparılması | E89: Hədəf qrup üzrə könüllü qrupların təşkil edilməsi | H89: Əsas icraçı | J89: Digər icraçı | K89: Hüquqi akt üzrə | X89: Gecikmə | Y89: İcra müddətinə var | AA89: Gecikmə | AB89: İcra müddətinə var | AD89: 1
A90: 89 | B90: Respublikada məlumat təhlükəsizliyinin gücləndirilməsi üzrə 2025–2027-ci illər üçün Dövlət Proqramı | C90: 2.29.6.3.9. | D90: Könüllü qrupların təhlilinin aparılması | E90: Könüllü qrupların davamlı olaraq həyata keçirilməsi | F90: 2025-2027 | G90: ZÖV AL, NICOL | H90: Əsas icraçı | I90: ZÖV NICOL, EKÇ, FTMAN, UEÇR, RIİƏB, BDCÇ, MVAI, DƏМХ, MVAI, ZÖƏŞO, ƏVH, ÖLKG, NMZ | J90: Digər icraçı | K90: Hüquqi akt üzrə | L90: LAÜT | X90: Gecikmə | Y90: İcra müddətinə var | AA90: Gecikmə | AB90: İcra müddətinə var | AD90: 1
A91: 90 | B91: Respublikada məlumat təhlükəsizliyinin gücləndirilməsi üzrə 2025–2027-ci illər üçün Dövlət Proqramı | C91: 9.29.6.2. | D91: Könüllü qrupların təhlilinin aparılması | E91: Pilot layihə çərçivəsində ailələrin genişləndirilməsi | H91: Digər icraçı | J91: Digər icraçı | K91: Hüquqi akt üzrə | X91: İcra müddətinə var | Y91: Gecikmə | AA91: İcra müddətinə var | AB91: Gecikmə | AD91: 1
A92: 91 | B92: Respublikada məlumat təhlükəsizliyinin gücləndirilməsi üzrə 2025–2027-ci illər üçün Dövlət Proqramı | C92: 9.13.3.7.3. | D92: Monitorinq mexanizminin təkmilləşdirilməsi | E92: Hədəf qrup üzrə müraciətlərin qəbulu prosesinin inkişaf etdirilməsi | F92: 2027 | G92: ZÖV AL, NICOL | H92: Əsas icraçı | I92: ZÖV NICOL, SDCC, GS, NMZ, MVAI BS | J92: Digər icraçı | K92: Hüquqi akt üzrə | L92: LAÜT | X92: İcra müddətinə var | Y92: İcra müddətinə var | AA92: İcra müddətinə var | AB92: İcra müddətinə var | AD92: 1
A93: 92 | B93: Respublikada vətəndaş müraciətlərinin səmərəli idarə olunması üzrə 2023–2027-ci illər üçün Strategiyanın həyata keçirilməsi üzrə Tədbirlər Planı | C93: 8.3. | D93: Hədəf qrup üzrə hədəf qrupların tətbiq olunması | E93: Hədəf qrup üzrə yaşlı vətəndaşların təhlilinin aparılması | F93: 2022─ 2026 | G93: Lalə Qurumu, Pərvanə Mərkəzi, Nümunə Sosial Xidmətlər Nazirliyi, Murad Qurumu | H93: Əsas icraçı | I93: Strateji inkişaf şöbəsi, Nazirliyin strukturuna daxil olan və strukturuna daxil olmayan tabeli qurumlar | J93: Digər icraçı | K93: Hüquqi akt üzrə | L93: ARUAN, ÖGÖM | X93: İcra müddətinə var | Y93: İcra müddətinə var | AA93: İcra müddətinə var | AB93: İcra müddətinə var | AD93: 1
A94: 93 | B94: Respublikada vətəndaş müraciətlərinin səmərəli idarə olunması üzrə 2023–2027-ci illər üçün Strategiyanın həyata keçirilməsi üzrə Tədbirlər Planı | C94: 1.15. | D94: Pilot layihə çərçivəsində könüllü qrupların genişləndirilməsi | E94: Hədəf qrup üzrə müraciətlərin qəbulu prosesinin təhlilinin aparılması | F94: 2024─ 2026 | G94: Mərkəzi və yerli icra hakimiyyəti orqanları, Xanım Qurumu | H94: Əsas icraçı | I94: Hüquqi təminat 2 şöbəsi, Nazirliyin strukturuna daxil olan və strukturuna daxil olmayan tabeli qurumlar | J94: Digər icraçı | K94: Hüquqi akt üzrə | L94: ÖGÖM | X94: İcra müddətinə var | Y94: İcra müddətinə var | AA94: İcra müddətinə var | AB94: İcra müddətinə var | AD94: 1
A95: 94 | B95: Respublikada vətəndaş müraciətlərinin səmərəli idarə olunması üzrə 2023–2027-ci illər üçün Strategiyanın həyata keçirilməsi üzrə Tədbirlər Planı | C95: 2.7. | D95: Pilot layihə çərçivəsində maarifləndirmə kampaniyalarının təhlilinin aparılması | E95: Əməkdaşlıq protokollarının təşkil edilməsi | F95: 2022─ 2026 | G95: Rəsul Nazirliyi, Aidiyyəti dövlət orqanları (qurumları) Ülkər Qurumu Vaqif Palatası | H95: Əsas icraçı | I95: Koordinasiya 2 şöbəsi, Hüquqi təminat 2 şöbəsi, Sima Fondu,Ərgün Xidməti, Yalçın Agentliyi, Aran Agentliyi | J95: Digər icraçı | K95: Hüquqi akt üzrə | L95: BH, ÖGÖM | M95: 1 | N95: Xidmətin əlçatanlığının təmin olunması | S95: 18 qurumla əməkdaşlıq çərçivəsində görüşlər təşkil olunmuşdur | X95: İcra müddətinə var | Y95: İcra olunmayıb, prioritet deyil | AA95: İcra müddətinə var | AB95: İcra olunmayıb, prioritet deyil | AD95: 1
A96: 95 | B96: Respublikada vətəndaş müraciətlərinin səmərəli idarə olunması üzrə 2023–2027-ci illər üçün Strategiyanın həyata keçirilməsi üzrə Tədbirlər Planı | C96: 5.6. | D96: İllik plana uyğun gənclərin genişləndirilməsi | E96: Maarifləndirmə kampaniyalarının təhlilinin aparılması | F96: 2022─ 2026 | G96: Zaur Agentliyi, aidiyyəti dövlət orqanları (qurumları) | H96: Əsas icraçı | I96: Xidmət standartları şöbəsi, Nazirliyin strukturuna daxil olan və strukturuna daxil olmayan tabeli qurumlar | J96: Digər icraçı | K96: Hüquqi akt üzrə | L96: YYÇX, ÖGÖM | X96: Gecikmə | Y96: Gecikmə | AA96: Gecikmə | AB96: Gecikmə | AD96: 1
A97: 96 | B97: Respublikada vətəndaş müraciətlərinin səmərəli idarə olunması üzrə 2023–2027-ci illər üçün Strategiyanın həyata keçirilməsi üzrə Tədbirlər Planı | C97: 6.3. | D97: İcma əsaslı proqramların əhatə dairəsinin artırılması | E97: Yaşlı vətəndaşların əhatə dairəsinin artırılması | F97: 2022─ 2026 | G97: Zaur Agentliyi, aidiyyəti dövlət orqanları (qurumları) | H97: Əsas icraçı | I97: Xidmət standartları şöbəsi, Nazirliyin strukturuna daxil olan və strukturuna daxil olmayan tabeli qurumlar | J97: Digər icraçı | K97: Hüquqi akt üzrə | L97: YYÇX, ÖGÖM | X97: İcra müddətinə var | Y97: İcra olunmayıb, prioritet deyil | AA97: İcra müddətinə var | AB97: İcra olunmayıb, prioritet deyil | AD97: 1
A98: 97 | B98: Respublikada vətəndaş müraciətlərinin səmərəli idarə olunması üzrə 2023–2027-ci illər üçün Strategiyanın həyata keçirilməsi üzrə Tədbirlər Planı | C98: 9.3. | D98: Maarifləndirmə kampaniyalarının inkişaf etdirilməsi | E98: Məsləhətləşmə xidmətlərinin təşkil edilməsi | F98: 2022─ 2026 | G98: Qeyri-Hökumət Təşkilatlarına Dövlət Dəstəyi Agentliyi Dövlət orqanları (qurumları) Ülkər Qurumu Aysel Qurumu, Şəfəq 2 Qurumu | H98: Əsas icraçı | I98: Rəqəmsal transformasiya şöbəsi, Nazirliyin strukturuna daxil olan və strukturuna daxil olmayan tabeli qurumlar | J98: Digər icraçı | K98: Hüquqi akt üzrə | L98: YYÇX, ÖGÖM | X98: İcra müddətinə var | Y98: İcra müddətinə var | AA98: İcra müddətinə var | AB98: İcra müddətinə var | AD98: 1
A99: 98 | B99: Respublikada vətəndaş müraciətlərinin səmərəli idarə olunması üzrə 2023–2027-ci illər üçün Strategiyanın həyata keçirilməsi üzrə Tədbirlər Planı | C99: 7.6. | D99: Regionlar üzrə monitorinq mexanizminin inkişaf etdirilməsi | E99: Pilot layihə çərçivəsində informasiya sisteminin hazırlanması və təqdim edilməsi | F99: 2022─ 2026 | G99: Mərkəzi və yerli icra hakimiyyəti orqanları | H99: Əsas icraçı | I99: Rəqəmsal transformasiya şöbəsi, Nazirliyin strukturuna daxil olan və strukturuna daxil olmayan tabeli qurumlar | J99: Digər icraçı | K99: Hüquqi akt üzrə | L99: YYÇX, ÖGÖM | X99: İcra olunmayıb, prioritet deyil | Y99: İcra olunmayıb | AA99: İcra olunmayıb, prioritet deyil | AB99: İcra olunmayıb | AD99: 1
A100: 99 | B100: Respublikada vətəndaş müraciətlərinin səmərəli idarə olunması üzrə 2023–2027-ci illər üçün Strategiyanın həyata keçirilməsi üzrə Tədbirlər Planı | C100: 5.8. | D100: Pilot layihə çərçivəsində təlim modullarının davamlı olaraq həyata keçirilməsi | E100: Gənclərin tətbiq olunması | F100: 2022─ 2026 | G100: Lalə Qurumu Dövlət orqanları (qurumları) Ülkər Qurumu Şəfəq 2 Qurumu, bələdiyyələrin milli assosiasiyaları | H100: Əsas icraçı | I100: Strateji inkişaf şöbəsi, Nazirliyin strukturuna daxil olan və strukturuna daxil olmayan tabeli qurumlar, Rəqəmsal transformasiya şöbəsi | J100: Digər icraçı | K100: Hüquqi akt üzrə | L100: ARUAN, ÖGÖM | M100: Hazırlanmış metodik vəsaitlərin sayı | N100: Hədəf qrup üzrə 21 tədbirin keçirilməsi | O100: Qurumun daxili resursları hesabına | R100: Hazırlıq işlərinin aparılması | S100: 22 iştirakçının əhatə olunduğu təlim sessiyaları keçirilmişdir | T100: Hesabatın hazırlanması | X100: İcra olunmayıb, prioritet deyil | Y100: İcra olunmayıb | AA100: İcra olunmayıb, prioritet deyil | AB100: İcra olunmayıb | AD100: 1
...

Sheet Hesabat I
B1: DP N əsas TP A əsas - Dövlət Proqramı üzrə Nazirliyin əsas, Nazirliyin Tədbirlər Planı ilə Agentliyin əsas içracı olduğu bəndlər | E1: Göstərici | F1: Hüquqi aktların sayı | G1: Yarımbəndlərin sayı
B2: DP N əsas TP A digər - Dövlət Proqramı üzrə Nazirliyin əsas, Nazirliyin Tədbirlər Planı ilə Agentliyin digər içracı olduğu bəndlər | E2: Ümumi icra olunan işlər | F2: =A38 -> 28 | G2: =C39 -> 259
B3: DP N digər TP A əsas - Dövlət Proqramı üzrə Nazirliyin digər, Nazirliyin Tədbirlər Planı ilə Agentliyin əsas içracı olduğu bəndlər | E3: Əsas icraçı olduğumuz | F3: 16 | G3: =COUNTIFS('DP və TP'!J:J,"Əsas icraçı",'DP və TP'!$AD:$AD,"<=1") -> 115
B4: DP N digər TP A digər - Dövlət Proqramı üzrə Nazirliyin digər, Nazirliyin Tədbirlər Planı ilə Agentliyin digər içracı olduğu bəndlər | E4: Digər icraçı olduğumuz | F4: 18 | G4: =COUNTIFS('DP və TP'!J:J,"Digər icraçı",'DP və TP'!$AD:$AD,"<=1") -> 144
B5: Tin üzrə - Tapşırıqların İcrasına Nəzarət platformasında olan bəndlər
A9: Sıra № | B9: Hüquqi Aktın adı | C9: İcra olunmalı yarımbənd sayı | D9: Hüquqi Akt üzrə icra vəziyyəti | J9: Tin üzrə icra vəziyyəti
D10: Tam icra | E10: Qismən icra | F10: İcra müddətinə var | G10: Gecikmə | H10: İcra olunmayıb | I10: İcra olunmayıb, prioritet deyil | J10: Tam icra | K10: Qismən icra | L10: İcra müddətinə var | M10: Gecikmə | N10: İcra olunmayıb | O10: İcra olunmayıb, prioritet deyil | P10: CƏMİ
A11: 1 | B11: “Respublikada regional inkişaf üzrə 2024–2029-ci illər üçün Dövlət Proqramı” | C11: =COUNTIFS('DP və TP'!$B:$B,B11,'DP və TP'!$AD:$AD,"<=1") -> 9 | D11: =COUNTIFS('DP və TP'!$B:$B,B11,'DP və TP'!$X:$X,"Tam icra",'DP və TP'!$AD:$AD,"<=1") -> 6 | E11: =COUNTIFS('DP və TP'!$B:$B,B11, 'DP və TP'!$X:$X,"Qismən icra",'DP və TP'!$AD:$AD,"<=1") -> 0 | F11: =COUNTIFS('DP və TP'!$B:$B,B11, 'DP və TP'!$X:$X,"İcra müddətinə var",'DP və TP'!$AD:$AD,"<=1") -> 3 | G11: =COUNTIFS('DP və TP'!$B:$B,B11, 'DP və TP'!$X:$X,"Gecikmə",'DP və TP'!$AD:$AD,"<=1") -> 0 | H11: =COUNTIFS('DP və TP'!$B:$B,B11, 'DP və TP'!$X:$X,"İcra olunmayıb",'DP və TP'!$AD:$AD,"<=1") -> 0 | I11: =COUNTIFS('DP və TP'!$B:$B,B11, 'DP və TP'!$X:$X,"İcra olunmayıb, prioritet deyil",'DP və TP'!$AD:$AD,"<=1") -> 0 | J11: =COUNTIFS('DP və TP'!$B:$B,B11, 'DP və TP'!$K:$K,"Tapşırıqların İcrasına Nəzarət platforması üzrə", 'DP və TP'!$X:$X,"Tam icra",'DP və TP'!$AD:$AD,"<=1") -> 1 | K11: =COUNTIFS('DP və TP'!$B:$B,B11, 'DP və TP'!$K:$K,"Tapşırıqların İcrasına Nəzarət platforması üzrə", 'DP və TP'!$X:$X,"Qismən icra",'DP və TP'!$AD:$AD,"<=1") -> 0 | L11: =COUNTIFS('DP və TP'!$B:$B,B11, 'DP və TP'!$K:$K,"Tapşırıqların İcrasına Nəzarət platforması üzrə", 'DP və TP'!$X:$X,"İcra müddətinə var",'DP və TP'!$AD:$AD,"<=1") -> 1 | M11: =COUNTIFS('DP və TP'!$B:$B,B11, 'DP və TP'!$K:$K,"Tapşırıqların İcrasına Nəzarət platforması üzrə", 'DP və TP'!$X:$X,"Gecikmə",'DP və TP'!$AD:$AD,"<=1") -> 0 | N11: =COUNTIFS('DP və TP'!$B:$B,B11, 'DP və TP'!$K:$K,"Tapşırıqların İcrasına Nəzarət platforması üzrə", 'DP və TP'!$X:$X,"İcra olunmayıb",'DP və TP'!$AD:$AD,"<=1") -> 0 | O11: =COUNTIFS('DP və TP'!$B:$B,B11, 'DP və TP'!$K:$K,"Tapşırıqların İcrasına Nəzarət platforması üzrə", 'DP və TP'!$X:$X,"İcra olunmayıb, prioritet deyil",'DP və TP'!$AD:$AD,"<=1") -> 0 | P11: =SUM(J11:O11) -> 2
A12: 2 | B12: Respublikada mədəni irsin qorunması üzrə 2025–2030-ci illər üçün Milli Fəaliyyət Planı | C12: =COUNTIFS('DP və TP'!$B:$B,B12,'DP və TP'!$AD:$AD,"<=1") -> 4 | D12: =COUNTIFS('DP və TP'!$B:$B,B12,'DP və TP'!$X:$X,"Tam icra",'DP və TP'!$AD:$AD,"<=1") -> 0 | E12: =COUNTIFS('DP və TP'!$B:$B,B12, 'DP və TP'!$X:$X,"Qismən icra",'DP və TP'!$AD:$AD,"<=1") -> 0 | F12: =COUNTIFS('DP və TP'!$B:$B,B12, 'DP və TP'!$X:$X,"İcra müddətinə var",'DP və TP'!$AD:$AD,"<=1") -> 2 | G12: =COUNTIFS('DP və TP'!$B:$B,B12, 'DP və TP'!$X:$X,"Gecikmə",'DP və TP'!$AD:$AD,"<=1") -> 0 | H12: =COUNTIFS('DP və TP'!$B:$B,B12, 'DP və TP'!$X:$X,"İcra olunmayıb",'DP və TP'!$AD:$AD,"<=1") -> 1 | I12: =COUNTIFS('DP və TP'!$B:$B,B12, 'DP və TP'!$X:$X,"İcra olunmayıb, prioritet deyil",'DP və TP'!$AD:$AD,"<=1") -> 1 | J12: =COUNTIFS('DP və TP'!$B:$B,B12, 'DP və TP'!$K:$K,"Tapşırıqların İcrasına Nəzarət platforması üzrə", 'DP və TP'!$X:$X,"Tam icra",'DP və TP'!$AD:$AD,"<=1") -> 0 | K12: =COUNTIFS('DP və TP'!$B:$B,B12, 'DP və TP'!$K:$K,"Tapşırıqların İcrasına Nəzarət platforması üzrə", 'DP və TP'!$X:$X,"Qismən icra",'DP və TP'!$AD:$AD,"<=1") -> 0 | L12: =COUNTIFS('DP və TP'!$B:$B,B12, 'DP və TP'!$K:$K,"Tapşırıqların İcrasına Nəzarət platforması üzrə", 'DP və TP'!$X:$X,"İcra müddətinə var",'DP və TP'!$AD:$AD,"<=1") -> 1 | M12: =COUNTIFS('DP və TP'!$B:$B,B12, 'DP və TP'!$K:$K,"Tapşırıqların İcrasına Nəzarət platforması üzrə", 'DP və TP'!$X:$X,"Gecikmə",'DP və TP'!$AD:$AD,"<=1") -> 0 | N12: =COUNTIFS('DP və TP'!$B:$B,B12, 'DP və TP'!$K:$K,"Tapşırıqların İcrasına Nəzarət platforması üzrə", 'DP və TP'!$X:$X,"İcra olunmayıb",'DP və TP'!$AD:$AD,"<=1") -> 0 | O12: =COUNTIFS('DP və TP'!$B:$B,B12, 'DP və TP'!$K:$K,"Tapşırıqların İcrasına Nəzarət platforması üzrə", 'DP və TP'!$X:$X,"İcra olunmayıb, prioritet deyil",'DP və TP'!$AD:$AD,"<=1") -> 1
A13: 3 | B13: “Respublikada sağlam həyat tərzinin təbliği üzrə 2022–2026-ci illər üçün Milli Fəaliyyət Planı” | C13: =COUNTIFS('DP və TP'!$B:$B,B13,'DP və TP'!$AD:$AD,"<=1") -> 1 | D13: =COUNTIFS('DP və TP'!$B:$B,B13,'DP və TP'!$X:$X,"Tam icra",'DP və TP'!$AD:$AD,"<=1") -> 0 | E13: =COUNTIFS('DP və TP'!$B:$B,B13, 'DP və TP'!$X:$X,"Qismən icra",'DP və TP'!$AD:$AD,"<=1") -> 0 | F13: =COUNTIFS('DP və TP'!$B:$B,B13, 'DP və TP'!$X:$X,"İcra müddətinə var",'DP və TP'!$AD:$AD,"<=1") -> 1 | G13: =COUNTIFS('DP və TP'!$B:$B,B13, 'DP və TP'!$X:$X,"Gecikmə",'DP və TP'!$AD:$AD,"<=1") -> 0 | H13: =COUNTIFS('DP və TP'!$B:$B,B13, 'DP və TP'!$X:$X,"İcra olunmayıb",'DP və TP'!$AD:$AD,"<=1") -> 0 | I13: =COUNTIFS('DP və TP'!$B:$B,B13, 'DP və TP'!$X:$X,"İcra olunmayıb, prioritet deyil",'DP və TP'!$AD:$AD,"<=1") -> 0 | J13: =COUNTIFS('DP və TP'!$B:$B,B13, 'DP və TP'!$K:$K,"Tapşırıqların İcrasına Nəzarət platforması üzrə", 'DP və TP'!$X:$X,"Tam icra",'DP və TP'!$AD:$AD,"<=1") -> 0 | K13: =COUNTIFS('DP və TP'!$B:$B,B13, 'DP və TP'!$K:$K,"Tapşırıqların İcrasına Nəzarət platforması üzrə", 'DP və TP'!$X:$X,"Qismən icra",'DP və TP'!$AD:$AD,"<=1") -> 0 | L13: =COUNTIFS('DP və TP'!$B:$B,B13, 'DP və TP'!$K:$K,"Tapşırıqların İcrasına Nəzarət platforması üzrə", 'DP və TP'!$X:$X,"İcra müddətinə var",'DP və TP'!$AD:$AD,"<=1") -> 1 | M13: =COUNTIFS('DP və TP'!$B:$B,B13, 'DP və TP'!$K:$K,"Tapşırıqların İcrasına Nəzarət platforması üzrə", 'DP və TP'!$X:$X,"Gecikmə",'DP və TP'!$AD:$AD,"<=1") -> 0 | N13: =COUNTIFS('DP və TP'!$B:$B,B13, 'DP və TP'!$K:$K,"Tapşırıqların İcrasına Nəzarət platforması üzrə", 'DP və TP'!$X:$X,"İcra olunmayıb",'DP və TP'!$AD:$AD,"<=1") -> 0 | O13: =COUNTIFS('DP və TP'!$B:$B,B13, 'DP və TP'!$K:$K,"Tapşırıqların İcrasına Nəzarət platforması üzrə", 'DP və TP'!$X:$X,"İcra olunmayıb, prioritet deyil",'DP və TP'!$AD:$AD,"<=1") -> 0 | P13: =SUM(J13:O13) -> 1
A14: 4 | B14: Respublikada təhsilə çıxışın genişləndirilməsi üzrə 2024–2029-ci illər üçün Strategiyanın həyata keçirilməsi üzrə Tədbirlər Planı | C14: =COUNTIFS('DP və TP'!$B:$B,B14,'DP və TP'!$AD:$AD,"<=1") -> 6 | D14: =COUNTIFS('DP və TP'!$B:$B,B14,'DP və TP'!$X:$X,"Tam icra",'DP və TP'!$AD:$AD,"<=1") -> 0 | E14: =COUNTIFS('DP və TP'!$B:$B,B14, 'DP və TP'!$X:$X,"Qismən icra",'DP və TP'!$AD:$AD,"<=1") -> 1 | F14: =COUNTIFS('DP və TP'!$B:$B,B14, 'DP və TP'!$X:$X,"İcra müddətinə var",'DP və TP'!$AD:$AD,"<=1") -> 3 | G14: =COUNTIFS('DP və TP'!$B:$B,B14, 'DP və TP'!$X:$X,"Gecikmə",'DP və TP'!$AD:$AD,"<=1") -> 1 | H14: =COUNTIFS('DP və TP'!$B:$B,B14, 'DP və TP'!$X:$X,"İcra olunmayıb",'DP və TP'!$AD:$AD,"<=1") -> 0 | I14: =COUNTIFS('DP və TP'!$B:$B,B14, 'DP və TP'!$X:$X,"İcra olunmayıb, prioritet deyil",'DP və TP'!$AD:$AD,"<=1") -> 1 | J14: =COUNTIFS('DP və TP'!$B:$B,B14, 'DP və TP'!$K:$K,"Tapşırıqların İcrasına Nəzarət platforması üzrə", 'DP və TP'!$X:$X,"Tam icra",'DP və TP'!$AD:$AD,"<=1") -> 0 | K14: =COUNTIFS('DP və TP'!$B:$B,B14, 'DP və TP'!$K:$K,"Tapşırıqların İcrasına Nəzarət platforması üzrə", 'DP və TP'!$X:$X,"Qismən icra",'DP və TP'!$AD:$AD,"<=1") -> 0 | L14: =COUNTIFS('DP və TP'!$B:$B,B14, 'DP və TP'!$K:$K,"Tapşırıqların İcrasına Nəzarət platforması üzrə", 'DP və TP'!$X:$X,"İcra müddətinə var",'DP və TP'!$AD:$AD,"<=1") -> 0 | M14: =COUNTIFS('DP və TP'!$B:$B,B14, 'DP və TP'!$K:$K,"Tapşırıqların İcrasına Nəzarət platforması üzrə", 'DP və TP'!$X:$X,"Gecikmə",'DP və TP'!$AD:$AD,"<=1") -> 0 | N14: =COUNTIFS('DP və TP'!$B:$B,B14, 'DP və TP'!$K:$K,"Tapşırıqların İcrasına Nəzarət platforması üzrə", 'DP və TP'!$X:$X,"İcra olunmayıb",'DP və TP'!$AD:$AD,"<=1") -> 0 | O14: =COUNTIFS('DP və TP'!$B:$B,B14, 'DP və TP'!$K:$K,"Tapşırıqların İcrasına Nəzarət platforması üzrə", 'DP və TP'!$X:$X,"İcra olunmayıb, prioritet deyil",'DP və TP'!$AD:$AD,"<=1") -> 0 | P14: =SUM(J14:O14) -> 0
A15: 5 | B15: “Respublikada yaşlı vətəndaşların sosial dəstəyi üzrə 2023–2025-ci illər üçün Konsepsiyanın icrası üzrə Fəaliyyət Planı” | C15: =COUNTIFS('DP və TP'!$B:$B,B15,'DP və TP'!$AD:$AD,"<=1") -> 2 | D15: =COUNTIFS('DP və TP'!$B:$B,B15,'DP və TP'!$X:$X,"Tam icra",'DP və TP'!$AD:$AD,"<=1") -> 1 | E15: =COUNTIFS('DP və TP'!$B:$B,B15, 'DP və TP'!$X:$X,"Qismən icra",'DP və TP'!$AD:$AD,"<=1") -> 0 | F15: =COUNTIFS('DP və TP'!$B:$B,B15, 'DP və TP'!$X:$X,"İcra müddətinə var",'DP və TP'!$AD:$AD,"<=1") -> 0 | G15: =COUNTIFS('DP və TP'!$B:$B,B15, 'DP və TP'!$X:$X,"Gecikmə",'DP və TP'!$AD:$AD,"<=1") -> 0 | H15: =COUNTIFS('DP və TP'!$B:$B,B15, 'DP və TP'!$X:$X,"İcra olunmayıb",'DP və TP'!$AD:$AD,"<=1") -> 0 | I15: =COUNTIFS('DP və TP'!$B:$B,B15, 'DP və TP'!$X:$X,"İcra olunmayıb, prioritet deyil",'DP və TP'!$AD:$AD,"<=1") -> 1 | J15: =COUNTIFS('DP və TP'!$B:$B,B15, 'DP və TP'!$K:$K,"Tapşırıqların İcrasına Nəzarət platforması üzrə", 'DP və TP'!$X:$X,"Tam icra",'DP və TP'!$AD:$AD,"<=1") -> 1 | K15: =COUNTIFS('DP və TP'!$B:$B,B15, 'DP və TP'!$K:$K,"Tapşırıqların İcrasına Nəzarət platforması üzrə", 'DP və TP'!$X:$X,"Qismən icra",'DP və TP'!$AD:$AD,"<=1") -> 0 | L15: =COUNTIFS('DP və TP'!$B:$B,B15, 'DP və TP'!$K:$K,"Tapşırıqların İcrasına Nəzarət platforması üzrə", 'DP və TP'!$X:$X,"İcra müddətinə var",'DP və TP'!$AD:$AD,"<=1") -> 0 | M15: =COUNTIFS('DP və TP'!$B:$B,B15, 'DP və TP'!$K:$K,"Tapşırıqların İcrasına Nəzarət platforması üzrə", 'DP və TP'!$X:$X,"Gecikmə",'DP və TP'!$AD:$AD,"<=1") -> 0 | N15: =COUNTIFS('DP və TP'!$B:$B,B15, 'DP və TP'!$K:$K,"Tapşırıqların İcrasına Nəzarət platforması üzrə", 'DP və TP'!$X:$X,"İcra olunmayıb",'DP və TP'!$AD:$AD,"<=1") -> 0 | O15: =COUNTIFS('DP və TP'!$B:$B,B15, 'DP və TP'!$K:$K,"Tapşırıqların İcrasına Nəzarət platforması üzrə", 'DP və TP'!$X:$X,"İcra olunmayıb, prioritet deyil",'DP və TP'!$AD:$AD,"<=1") -> 0 | P15: =SUM(J15:O15) -> 1
A16: 6 | B16: Respublikada məlumat təhlükəsizliyinin gücləndirilməsi üzrə 2025–2027-ci illər üçün Dövlət Proqramı | C16: =COUNTIFS('DP və TP'!$B:$B,B16,'DP və TP'!$AD:$AD,"<=1") -> 4 | D16: =COUNTIFS('DP və TP'!$B:$B,B16,'DP və TP'!$X:$X,"Tam icra",'DP və TP'!$AD:$AD,"<=1") -> 0 | E16: =COUNTIFS('DP və TP'!$B:$B,B16, 'DP və TP'!$X:$X,"Qismən icra",'DP və TP'!$AD:$AD,"<=1") -> 0 | F16: =COUNTIFS('DP və TP'!$B:$B,B16, 'DP və TP'!$X:$X,"İcra müddətinə var",'DP və TP'!$AD:$AD,"<=1") -> 2 | G16: =COUNTIFS('DP və TP'!$B:$B,B16, 'DP və TP'!$X:$X,"Gecikmə",'DP və TP'!$AD:$AD,"<=1") -> 2 | H16: =COUNTIFS('DP və TP'!$B:$B,B16, 'DP və TP'!$X:$X,"İcra olunmayıb",'DP və TP'!$AD:$AD,"<=1") -> 0 | I16: =COUNTIFS('DP və TP'!$B:$B,B16, 'DP və TP'!$X:$X,"İcra olunmayıb, prioritet deyil",'DP və TP'!$AD:$AD,"<=1") -> 0 | J16: =COUNTIFS('DP və TP'!$B:$B,B16, 'DP və TP'!$K:$K,"Tapşırıqların İcrasına Nəzarət platforması üzrə", 'DP və TP'!$X:$X,"Tam icra",'DP və TP'!$AD:$AD,"<=1") -> 0 | K16: =COUNTIFS('DP və TP'!$B:$B,B16, 'DP və TP'!$K:$K,"Tapşırıqların İcrasına Nəzarət platforması üzrə", 'DP və TP'!$X:$X,"Qismən icra",'DP və TP'!$AD:$AD,"<=1") -> 0 | L16: =COUNTIFS('DP və TP'!$B:$B,B16, 'DP və TP'!$K:$K,"Tapşırıqların İcrasına Nəzarət platforması üzrə", 'DP və TP'!$X:$X,"İcra müddətinə var",'DP və TP'!$AD:$AD,"<=1") -> 0 | M16: =COUNTIFS('DP və TP'!$B:$B,B16, 'DP və TP'!$K:$K,"Tapşırıqların İcrasına Nəzarət platforması üzrə", 'DP və TP'!$X:$X,"Gecikmə",'DP və TP'!$AD:$AD,"<=1") -> 0 | N16: =COUNTIFS('DP və TP'!$B:$B,B16, 'DP və TP'!$K:$K,"Tapşırıqların İcrasına Nəzarət platforması üzrə", 'DP və TP'!$X:$X,"İcra olunmayıb",'DP və TP'!$AD:$AD,"<=1") -> 0 | O16: =COUNTIFS('DP və TP'!$B:$B,B16, 'DP və TP'!$K:$K,"Tapşırıqların İcrasına Nəzarət platforması üzrə", 'DP və TP'!$X:$X,"İcra olunmayıb, prioritet deyil",'DP və TP'!$AD:$AD,"<=1") -> 0 | P16: =SUM(J16:O16) -> 0
A17: 7 | B17: Respublikada gender bərabərliyinin təmin olunması üzrə 2023–2027-ci illər üçün Dövlət Proqramı | C17: =COUNTIFS('DP və TP'!$B:$B,B17,'DP və TP'!$AD:$AD,"<=1") -> 3 | D17: =COUNTIFS('DP və TP'!$B:$B,B17,'DP və TP'!$X:$X,"Tam icra",'DP və TP'!$AD:$AD,"<=1") -> 3 | E17: =COUNTIFS('DP və TP'!$B:$B,B17, 'DP və TP'!$X:$X,"Qismən icra",'DP və TP'!$AD:$AD,"<=1") -> 0 | F17: =COUNTIFS('DP və TP'!$B:$B,B17, 'DP və TP'!$X:$X,"İcra müddətinə var",'DP və TP'!$AD:$AD,"<=1") -> 0 | G17: =COUNTIFS('DP və TP'!$B:$B,B17, 'DP və TP'!$X:$X,"Gecikmə",'DP və TP'!$AD:$AD,"<=1") -> 0 | H17: =COUNTIFS('DP və TP'!$B:$B,B17, 'DP və TP'!$X:$X,"İcra olunmayıb",'DP və TP'!$AD:$AD,"<=1") -> 0 | I17: =COUNTIFS('DP və TP'!$B:$B,B17, 'DP və TP'!$X:$X,"İcra olunmayıb, prioritet deyil",'DP və TP'!$AD:$AD,"<=1") -> 0 | J17: =COUNTIFS('DP və TP'!$B:$B,B17, 'DP və TP'!$K:$K,"Tapşırıqların İcrasına Nəzarət platforması üzrə", 'DP və TP'!$X:$X,"Tam icra",'DP və TP'!$AD:$AD,"<=1") -> 2 | K17: =COUNTIFS('DP və TP'!$B:$B,B17, 'DP və TP'!$K:$K,"Tapşırıqların İcrasına Nəzarət platforması üzrə", 'DP və TP'!$X:$X,"Qismən icra",'DP və TP'!$AD:$AD,"<=1") -> 0 | L17: =COUNTIFS('DP və TP'!$B:$B,B17, 'DP və TP'!$K:$K,"Tapşırıqların İcrasına Nəzarət platforması üzrə", 'DP və TP'!$X:$X,"İcra müddətinə var",'DP və TP'!$AD:$AD,"<=1") -> 0 | M17: =COUNTIFS('DP və TP'!$B:$B,B17, 'DP və TP'!$K:$K,"Tapşırıqların İcrasına Nəzarət platforması üzrə", 'DP və TP'!$X:$X,"Gecikmə",'DP və TP'!$AD:$AD,"<=1") -> 0 | N17: =COUNTIFS('DP və TP'!$B:$B,B17, 'DP və TP'!$K:$K,"Tapşırıqların İcrasına Nəzarət platforması üzrə", 'DP və TP'!$X:$X,"İcra olunmayıb",'DP və TP'!$AD:$AD,"<=1") -> 0 | O17: =COUNTIFS('DP və TP'!$B:$B,B17, 'DP və TP'!$K:$K,"Tapşırıqların İcrasına Nəzarət platforması üzrə", 'DP və TP'!$X:$X,"İcra olunmayıb, prioritet deyil",'DP və TP'!$AD:$AD,"<=1") -> 0 | P17: =SUM(J17:O17) -> 2
A18: 8 | B18: Respublikada icma əsaslı xidmətlərin inkişafı üzrə 2023–2026-ci illər üçün Konsepsiyanın icrası üzrə Fəaliyyət Planı | C18: =COUNTIFS('DP və TP'!$B:$B,B18,'DP və TP'!$AD:$AD,"<=1") -> 1 | D18: =COUNTIFS('DP və TP'!$B:$B,B18,'DP və TP'!$X:$X,"Tam icra",'DP və TP'!$AD:$AD,"<=1") -> 0 | E18: =COUNTIFS('DP və TP'!$B:$B,B18, 'DP və TP'!$X:$X,"Qismən icra",'DP və TP'!$AD:$AD,"<=1") -> 0 | F18: =COUNTIFS('DP və TP'!$B:$B,B18, 'DP və TP'!$X:$X,"İcra müddətinə var",'DP və TP'!$AD:$AD,"<=1") -> 0 | G18: =COUNTIFS('DP və TP'!$B:$B,B18, 'DP və TP'!$X:$X,"Gecikmə",'DP və TP'!$AD:$AD,"<=1") -> 0 | H18: =COUNTIFS('DP və TP'!$B:$B,B18, 'DP və TP'!$X:$X,"İcra olunmayıb",'DP və TP'!$AD:$AD,"<=1") -> 0 | I18: =COUNTIFS('DP və TP'!$B:$B,B18, 'DP və TP'!$X:$X,"İcra olunmayıb, prioritet deyil",'DP və TP'!$AD:$AD,"<=1") -> 1 | J18: =COUNTIFS('DP və TP'!$B:$B,B18, 'DP və TP'!$K:$K,"Tapşırıqların İcrasına Nəzarət platforması üzrə", 'DP və TP'!$X:$X,"Tam icra",'DP və TP'!$AD:$AD,"<=1") -> 0 | K18: =COUNTIFS('DP və TP'!$B:$B,B18, 'DP və TP'!$K:$K,"Tapşırıqların İcrasına Nəzarət platforması üzrə", 'DP və TP'!$X:$X,"Qismən icra",'DP və TP'!$AD:$AD,"<=1") -> 0 | L18: =COUNTIFS('DP və TP'!$B:$B,B18, 'DP və TP'!$K:$K,"Tapşırıqların İcrasına Nəzarət platforması üzrə", 'DP və TP'!$X:$X,"İcra müddətinə var",'DP və TP'!$AD:$AD,"<=1") -> 0 | M18: =COUNTIFS('DP və TP'!$B:$B,B18, 'DP və TP'!$K:$K,"Tapşırıqların İcrasına Nəzarət platforması üzrə", 'DP və TP'!$X:$X,"Gecikmə",'DP və TP'!$AD:$AD,"<=1") -> 0 | N18: =COUNTIFS('DP və TP'!$B:$B,B18, 'DP və TP'!$K:$K,"Tapşırıqların İcrasına Nəzarət platforması üzrə", 'DP və TP'!$X:$X,"İcra olunmayıb",'DP və TP'!$AD:$AD,"<=1") -> 0 | O18: =COUNTIFS('DP və TP'!$B:$B,B18, 'DP və TP'!$K:$K,"Tapşırıqların İcrasına Nəzarət platforması üzrə", 'DP və TP'!$X:$X,"İcra olunmayıb, prioritet deyil",'DP və TP'!$AD:$AD,"<=1") -> 0 | P18: =SUM(J18:O18) -> 0
A19: 9 | B19: Respublikada inklüziv mühitin yaradılması üzrə 2025–2030-ci illər üçün Konsepsiyanın icrası üzrə Fəaliyyət Planı | C19: =COUNTIFS('DP və TP'!$B:$B,B19,'DP və TP'!$AD:$AD,"<=1") -> 1 | D19: =COUNTIFS('DP və TP'!$B:$B,B19,'DP və TP'!$X:$X,"Tam icra",'DP və TP'!$AD:$AD,"<=1") -> 0 | E19: =COUNTIFS('DP və TP'!$B:$B,B19, 'DP və TP'!$X:$X,"Qismən icra",'DP və TP'!$AD:$AD,"<=1") -> 0 | F19: =COUNTIFS('DP və TP'!$B:$B,B19, 'DP və TP'!$X:$X,"İcra müddətinə var",'DP və TP'!$AD:$AD,"<=1") -> 0 | G19: =COUNTIFS('DP və TP'!$B:$B,B19, 'DP və TP'!$X:$X,"Gecikmə",'DP və TP'!$AD:$AD,"<=1") -> 0 | H19: =COUNTIFS('DP və TP'!$B:$B,B19, 'DP və TP'!$X:$X,"İcra olunmayıb",'DP və TP'!$AD:$AD,"<=1") -> 1 | I19: =COUNTIFS('DP və TP'!$B:$B,B19, 'DP və TP'!$X:$X,"İcra olunmayıb, prioritet deyil",'DP və TP'!$AD:$AD,"<=1") -> 0 | J19: =COUNTIFS('DP və TP'!$B:$B,B19, 'DP və TP'!$K:$K,"Tapşırıqların İcrasına Nəzarət platforması üzrə", 'DP və TP'!$X:$X,"Tam icra",'DP və TP'!$AD:$AD,"<=1") -> 0 | K19: =COUNTIFS('DP və TP'!$B:$B,B19, 'DP və TP'!$K:$K,"Tapşırıqların İcrasına Nəzarət platforması üzrə", 'DP və TP'!$X:$X,"Qismən icra",'DP və TP'!$AD:$AD,"<=1") -> 0 | L19: =COUNTIFS('DP və TP'!$B:$B,B19, 'DP və TP'!$K:$K,"Tapşırıqların İcrasına Nəzarət platforması üzrə", 'DP və TP'!$X:$X,"İcra müddətinə var",'DP və TP'!$AD:$AD,"<=1") -> 0 | M19: =COUNTIFS('DP və TP'!$B:$B,B19, 'DP və TP'!$K:$K,"Tapşırıqların İcrasına Nəzarət platforması üzrə", 'DP və TP'!$X:$X,"Gecikmə",'DP və TP'!$AD:$AD,"<=1") -> 0 | N19: =COUNTIFS('DP və TP'!$B:$B,B19, 'DP və TP'!$K:$K,"Tapşırıqların İcrasına Nəzarət platforması üzrə", 'DP və TP'!$X:$X,"İcra olunmayıb",'DP və TP'!$AD:$AD,"<=1") -> 1 | O19: =COUNTIFS('DP və TP'!$B:$B,B19, 'DP və TP'!$K:$K,"Tapşırıqların İcrasına Nəzarət platforması üzrə", 'DP və TP'!$X:$X,"İcra olunmayıb, prioritet deyil",'DP və TP'!$AD:$AD,"<=1") -> 0 | P19: =SUM(J19:O19) -> 1
A20: 10 | B20: Respublikada peşə hazırlığının təkmilləşdirilməsi üzrə 2019–2021-ci illər üçün Milli Fəaliyyət Planı | C20: =COUNTIFS('DP və TP'!$B:$B,B20,'DP və TP'!$AD:$AD,"<=1") -> 3 | D20: =COUNTIFS('DP və TP'!$B:$B,B20,'DP və TP'!$X:$X,"Tam icra",'DP və TP'!$AD:$AD,"<=1") -> 0 | E20: =COUNTIFS('DP və TP'!$B:$B,B20, 'DP və TP'!$X:$X,"Qismən icra",'DP və TP'!$AD:$AD,"<=1") -> 0 | F20: =COUNTIFS('DP və TP'!$B:$B,B20, 'DP və TP'!$X:$X,"İcra müddətinə var",'DP və TP'!$AD:$AD,"<=1") -> 2 | G20: =COUNTIFS('DP və TP'!$B:$B,B20, 'DP və TP'!$X:$X,"Gecikmə",'DP və TP'!$AD:$AD,"<=1") -> 1 | H20: =COUNTIFS('DP və TP'!$B:$B,B20, 'DP və TP'!$X:$X,"İcra olunmayıb",'DP və TP'!$AD:$AD,"<=1") -> 0 | I20: =COUNTIFS('DP və TP'!$B:$B,B20, 'DP və TP'!$X:$X,"İcra olunmayıb, prioritet deyil",'DP və TP'!$AD:$AD,"<=1") -> 0 | J20: =COUNTIFS('DP və TP'!$B:$B,B20, 'DP və TP'!$K:$K,"Tapşırıqların İcrasına Nəzarət platforması üzrə", 'DP və TP'!$X:$X,"Tam icra",'DP və TP'!$AD:$AD,"<=1") -> 0 | K20: =COUNTIFS('DP və TP'!$B:$B,B20, 'DP və TP'!$K:$K,"Tapşırıqların İcrasına Nəzarət platforması üzrə", 'DP və TP'!$X:$X,"Qismən icra",'DP və TP'!$AD:$AD,"<=1") -> 0 | L20: =COUNTIFS('DP və TP'!$B:$B,B20, 'DP və TP'!$K:$K,"Tapşırıqların İcrasına Nəzarət platforması üzrə", 'DP və TP'!$X:$X,"İcra müddətinə var",'DP və TP'!$AD:$AD,"<=1") -> 2 | M20: =COUNTIFS('DP və TP'!$B:$B,B20, 'DP və TP'!$K:$K,"Tapşırıqların İcrasına Nəzarət platforması üzrə", 'DP və TP'!$X:$X,"Gecikmə",'DP və TP'!$AD:$AD,"<=1") -> 1 | N20: =COUNTIFS('DP və TP'!$B:$B,B20, 'DP və TP'!$K:$K,"Tapşırıqların İcrasına Nəzarət platforması üzrə", 'DP və TP'!$X:$X,"İcra olunmayıb",'DP və TP'!$AD:$AD,"<=1") -> 0 | O20: =COUNTIFS('DP və TP'!$B:$B,B20, 'DP və TP'!$K:$K,"Tapşırıqların İcrasına Nəzarət platforması üzrə", 'DP və TP'!$X:$X,"İcra olunmayıb, prioritet deyil",'DP və TP'!$AD:$AD,"<=1") -> 0 | P20: =SUM(J20:O20) -> 3
A21: 11 | B21: “Respublikada kənd yerlərində xidmətlərin əlçatanlığı üzrə 2025–2027-ci illər üçün Dövlət Proqramı” | C21: =COUNTIFS('DP və TP'!$B:$B,B21,'DP və TP'!$AD:$AD,"<=1") -> 3 | D21: =COUNTIFS('DP və TP'!$B:$B,B21,'DP və TP'!$X:$X,"Tam icra",'DP və TP'!$AD:$AD,"<=1") -> 0 | E21: =COUNTIFS('DP və TP'!$B:$B,B21, 'DP və TP'!$X:$X,"Qismən icra",'DP və TP'!$AD:$AD,"<=1") -> 1 | F21: =COUNTIFS('DP və TP'!$B:$B,B21, 'DP və TP'!$X:$X,"İcra müddətinə var",'DP və TP'!$AD:$AD,"<=1") -> 2 | G21: =COUNTIFS('DP və TP'!$B:$B,B21, 'DP və TP'!$X:$X,"Gecikmə",'DP və TP'!$AD:$AD,"<=1") -> 0 | H21: =COUNTIFS('DP və TP'!$B:$B,B21, 'DP və TP'!$X:$X,"İcra olunmayıb",'DP və TP'!$AD:$AD,"<=1") -> 0 | I21: =COUNTIFS('DP və TP'!$B:$B,B21, 'DP və TP'!$X:$X,"İcra olunmayıb, prioritet deyil",'DP və TP'!$AD:$AD,"<=1") -> 0 | J21: =COUNTIFS('DP və TP'!$B:$B,B21, 'DP və TP'!$K:$K,"Tapşırıqların İcrasına Nəzarət platforması üzrə", 'DP və TP'!$X:$X,"Tam icra",'DP və TP'!$AD:$AD,"<=1") -> 0 | K21: =COUNTIFS('DP və TP'!$B:$B,B21, 'DP və TP'!$K:$K,"Tapşırıqların İcrasına Nəzarət platforması üzrə", 'DP və TP'!$X:$X,"Qismən icra",'DP və TP'!$AD:$AD,"<=1") -> 0 | L21: =COUNTIFS('DP və TP'!$B:$B,B21, 'DP və TP'!$K:$K,"Tapşırıqların İcrasına Nəzarət platforması üzrə", 'DP və TP'!$X:$X,"İcra müddətinə var",'DP və TP'!$AD:$AD,"<=1") -> 0 | M21: =COUNTIFS('DP və TP'!$B:$B,B21, 'DP və TP'!$K:$K,"Tapşırıqların İcrasına Nəzarət platforması üzrə", 'DP və TP'!$X:$X,"Gecikmə",'DP və TP'!$AD:$AD,"<=1") -> 0 | N21: =COUNTIFS('DP və TP'!$B:$B,B21, 'DP və TP'!$K:$K,"Tapşırıqların İcrasına Nəzarət platforması üzrə", 'DP və TP'!$X:$X,"İcra olunmayıb",'DP və TP'!$AD:$AD,"<=1") -> 0 | O21: =COUNTIFS('DP və TP'!$B:$B,B21, 'DP və TP'!$K:$K,"Tapşırıqların İcrasına Nəzarət platforması üzrə", 'DP və TP'!$X:$X,"İcra olunmayıb, prioritet deyil",'DP və TP'!$AD:$AD,"<=1") -> 0
A22: 12 | B22: Respublikada ictimai təhlükəsizliyin təmin edilməsi üzrə 2023–2027-ci illər üçün Tədbirlər Proqramı | C22: =COUNTIFS('DP və TP'!$B:$B,B22,'DP və TP'!$AD:$AD,"<=1") -> 3 | D22: =COUNTIFS('DP və TP'!$B:$B,B22,'DP və TP'!$X:$X,"Tam icra",'DP və TP'!$AD:$AD,"<=1") -> 1 | E22: =COUNTIFS('DP və TP'!$B:$B,B22, 'DP və TP'!$X:$X,"Qismən icra",'DP və TP'!$AD:$AD,"<=1") -> 0 | F22: =COUNTIFS('DP və TP'!$B:$B,B22, 'DP və TP'!$X:$X,"İcra müddətinə var",'DP və TP'!$AD:$AD,"<=1") -> 1 | G22: =COUNTIFS('DP və TP'!$B:$B,B22, 'DP və TP'!$X:$X,"Gecikmə",'DP və TP'!$AD:$AD,"<=1") -> 0 | H22: =COUNTIFS('DP və TP'!$B:$B,B22, 'DP və TP'!$X:$X,"İcra olunmayıb",'DP və TP'!$AD:$AD,"<=1") -> 0 | I22: =COUNTIFS('DP və TP'!$B:$B,B22, 'DP və TP'!$X:$X,"İcra olunmayıb, prioritet deyil",'DP və TP'!$AD:$AD,"<=1") -> 1 | J22: =COUNTIFS('DP və TP'!$B:$B,B22, 'DP və TP'!$K:$K,"Tapşırıqların İcrasına Nəzarət platforması üzrə", 'DP və TP'!$X:$X,"Tam icra",'DP və TP'!$AD:$AD,"<=1") -> 0 | K22: =COUNTIFS('DP və TP'!$B:$B,B22, 'DP və TP'!$K:$K,"Tapşırıqların İcrasına Nəzarət platforması üzrə", 'DP və TP'!$X:$X,"Qismən icra",'DP və TP'!$AD:$AD,"<=1") -> 0 | L22: =COUNTIFS('DP və TP'!$B:$B,B22, 'DP və TP'!$K:$K,"Tapşırıqların İcrasına Nəzarət platforması üzrə", 'DP və TP'!$X:$X,"İcra müddətinə var",'DP və TP'!$AD:$AD,"<=1") -> 0 | M22: =COUNTIFS('DP və TP'!$B:$B,B22, 'DP və TP'!$K:$K,"Tapşırıqların İcrasına Nəzarət platforması üzrə", 'DP və TP'!$X:$X,"Gecikmə",'DP və TP'!$AD:$AD,"<=1") -> 0 | N22: =COUNTIFS('DP və TP'!$B:$B,B22, 'DP və TP'!$K:$K,"Tapşırıqların İcrasına Nəzarət platforması üzrə", 'DP və TP'!$X:$X,"İcra olunmayıb",'DP və TP'!$AD:$AD,"<=1") -> 0 | O22: =COUNTIFS('DP və TP'!$B:$B,B22, 'DP və TP'!$K:$K,"Tapşırıqların İcrasına Nəzarət platforması üzrə", 'DP və TP'!$X:$X,"İcra olunmayıb, prioritet deyil",'DP və TP'!$AD:$AD,"<=1") -> 0
A23: 13 | B23: Respublikada yoxsulluğun azaldılması üzrə 2019–2022-ci illər üçün Tədbirlər Proqramı | C23: =COUNTIFS('DP və TP'!$B:$B,B23,'DP və TP'!$AD:$AD,"<=1") -> 2 | D23: =COUNTIFS('DP və TP'!$B:$B,B23,'DP və TP'!$X:$X,"Tam icra",'DP və TP'!$AD:$AD,"<=1") -> 0 | E23: =COUNTIFS('DP və TP'!$B:$B,B23, 'DP və TP'!$X:$X,"Qismən icra",'DP və TP'!$AD:$AD,"<=1") -> 0 | F23: =COUNTIFS('DP və TP'!$B:$B,B23, 'DP və TP'!$X:$X,"İcra müddətinə var",'DP və TP'!$AD:$AD,"<=1") -> 1 | G23: =COUNTIFS('DP və TP'!$B:$B,B23, 'DP və TP'!$X:$X,"Gecikmə",'DP və TP'!$AD:$AD,"<=1") -> 1 | H23: =COUNTIFS('DP və TP'!$B:$B,B23, 'DP və TP'!$X:$X,"İcra olunmayıb",'DP və TP'!$AD:$AD,"<=1") -> 0 | I23: =COUNTIFS('DP və TP'!$B:$B,B23, 'DP və TP'!$X:$X,"İcra olunmayıb, prioritet deyil",'DP və TP'!$AD:$AD,"<=1") -> 0 | J23: =COUNTIFS('DP və TP'!$B:$B,B23, 'DP və TP'!$K:$K,"Tapşırıqların İcrasına Nəzarət platforması üzrə", 'DP və TP'!$X:$X,"Tam icra",'DP və TP'!$AD:$AD,"<=1") -> 0 | K23: =COUNTIFS('DP və TP'!$B:$B,B23, 'DP və TP'!$K:$K,"Tapşırıqların İcrasına Nəzarət platforması üzrə", 'DP və TP'!$X:$X,"Qismən icra",'DP və TP'!$AD:$AD,"<=1") -> 0 | L23: =COUNTIFS('DP və TP'!$B:$B,B23, 'DP və TP'!$K:$K,"Tapşırıqların İcrasına Nəzarət platforması üzrə", 'DP və TP'!$X:$X,"İcra müddətinə var",'DP və TP'!$AD:$AD,"<=1") -> 0 | M23: =COUNTIFS('DP və TP'!$B:$B,B23, 'DP və TP'!$K:$K,"Tapşırıqların İcrasına Nəzarət platforması üzrə", 'DP və TP'!$X:$X,"Gecikmə",'DP və TP'!$AD:$AD,"<=1") -> 0 | N23: =COUNTIFS('DP və TP'!$B:$B,B23, 'DP və TP'!$K:$K,"Tapşırıqların İcrasına Nəzarət platforması üzrə", 'DP və TP'!$X:$X,"İcra olunmayıb",'DP və TP'!$AD:$AD,"<=1") -> 0 | O23: =COUNTIFS('DP və TP'!$B:$B,B23, 'DP və TP'!$K:$K,"Tapşırıqların İcrasına Nəzarət platforması üzrə", 'DP və TP'!$X:$X,"İcra olunmayıb, prioritet deyil",'DP və TP'!$AD:$AD,"<=1") -> 0 | P23: =SUM(J23:O23) -> 0
A24: 14 | B24: Respublikada ətraf mühitin mühafizəsi üzrə 2020–2025-ci illər üçün Tədbirlər Proqramı | C24: =COUNTIFS('DP və TP'!$B:$B,B24,'DP və TP'!$AD:$AD,"<=1") -> 16 | D24: =COUNTIFS('DP və TP'!$B:$B,B24,'DP və TP'!$X:$X,"Tam icra",'DP və TP'!$AD:$AD,"<=1") -> 7 | E24: =COUNTIFS('DP və TP'!$B:$B,B24, 'DP və TP'!$X:$X,"Qismən icra",'DP və TP'!$AD:$AD,"<=1") -> 3 | F24: =COUNTIFS('DP və TP'!$B:$B,B24, 'DP və TP'!$X:$X,"İcra müddətinə var",'DP və TP'!$AD:$AD,"<=1") -> 3 | G24: =COUNTIFS('DP və TP'!$B:$B,B24, 'DP və TP'!$X:$X,"Gecikmə",'DP və TP'!$AD:$AD,"<=1") -> 1 | H24: =COUNTIFS('DP və TP'!$B:$B,B24, 'DP və TP'!$X:$X,"İcra olunmayıb",'DP və TP'!$AD:$AD,"<=1") -> 0 | I24: =COUNTIFS('DP və TP'!$B:$B,B24, 'DP və TP'!$X:$X,"İcra olunmayıb, prioritet deyil",'DP və TP'!$AD:$AD,"<=1") -> 2 | J24: =COUNTIFS('DP və TP'!$B:$B,B24, 'DP və TP'!$K:$K,"Tapşırıqların İcrasına Nəzarət platforması üzrə", 'DP və TP'!$X:$X,"Tam icra",'DP və TP'!$AD:$AD,"<=1") -> 3 | K24: =COUNTIFS('DP və TP'!$B:$B,B24, 'DP və TP'!$K:$K,"Tapşırıqların İcrasına Nəzarət platforması üzrə", 'DP və TP'!$X:$X,"Qismən icra",'DP və TP'!$AD:$AD,"<=1") -> 2 | L24: =COUNTIFS('DP və TP'!$B:$B,B24, 'DP və TP'!$K:$K,"Tapşırıqların İcrasına Nəzarət platforması üzrə", 'DP və TP'!$X:$X,"İcra müddətinə var",'DP və TP'!$AD:$AD,"<=1") -> 0 | M24: =COUNTIFS('DP və TP'!$B:$B,B24, 'DP və TP'!$K:$K,"Tapşırıqların İcrasına Nəzarət platforması üzrə", 'DP və TP'!$X:$X,"Gecikmə",'DP və TP'!$AD:$AD,"<=1") -> 1 | N24: =COUNTIFS('DP və TP'!$B:$B,B24, 'DP və TP'!$K:$K,"Tapşırıqların İcrasına Nəzarət platforması üzrə", 'DP və TP'!$X:$X,"İcra olunmayıb",'DP və TP'!$AD:$AD,"<=1") -> 0 | O24: =COUNTIFS('DP və TP'!$B:$B,B24, 'DP və TP'!$K:$K,"Tapşırıqların İcrasına Nəzarət platforması üzrə", 'DP və TP'!$X:$X,"İcra olunmayıb, prioritet deyil",'DP və TP'!$AD:$AD,"<=1") -> 1 | P24: =SUM(J24:O24) -> 7
A25: 15 | B25: “Respublikada innovasiya mühitinin inkişafı üzrə 2023–2026-ci illər üçün Konsepsiyanın icrası üzrə Fəaliyyət Planı” | C25: =COUNTIFS('DP və TP'!$B:$B,B25,'DP və TP'!$AD:$AD,"<=1") -> 1 | D25: =COUNTIFS('DP və TP'!$B:$B,B25,'DP və TP'!$X:$X,"Tam icra",'DP və TP'!$AD:$AD,"<=1") -> 0 | E25: =COUNTIFS('DP və TP'!$B:$B,B25, 'DP və TP'!$X:$X,"Qismən icra",'DP və TP'!$AD:$AD,"<=1") -> 0 | F25: =COUNTIFS('DP və TP'!$B:$B,B25, 'DP və TP'!$X:$X,"İcra müddətinə var",'DP və TP'!$AD:$AD,"<=1") -> 0 | G25: =COUNTIFS('DP və TP'!$B:$B,B25, 'DP və TP'!$X:$X,"Gecikmə",'DP və TP'!$AD:$AD,"<=1") -> 0 | H25: =COUNTIFS('DP və TP'!$B:$B,B25, 'DP və TP'!$X:$X,"İcra olunmayıb",'DP və TP'!$AD:$AD,"<=1") -> 0 | I25: =COUNTIFS('DP və TP'!$B:$B,B25, 'DP və TP'!$X:$X,"İcra olunmayıb, prioritet deyil",'DP və TP'!$AD:$AD,"<=1") -> 1 | J25: =COUNTIFS('DP və TP'!$B:$B,B25, 'DP və TP'!$K:$K,"Tapşırıqların İcrasına Nəzarət platforması üzrə", 'DP və TP'!$X:$X,"Tam icra",'DP və TP'!$AD:$AD,"<=1") -> 0 | K25: =COUNTIFS('DP və TP'!$B:$B,B25, 'DP və TP'!$K:$K,"Tapşırıqların İcrasına Nəzarət platforması üzrə", 'DP və TP'!$X:$X,"Qismən icra",'DP və TP'!$AD:$AD,"<=1") -> 0 | L25: =COUNTIFS('DP və TP'!$B:$B,B25, 'DP və TP'!$K:$K,"Tapşırıqların İcrasına Nəzarət platforması üzrə", 'DP və TP'!$X:$X,"İcra müddətinə var",'DP və TP'!$AD:$AD,"<=1") -> 0 | M25: =COUNTIFS('DP və TP'!$B:$B,B25, 'DP və TP'!$K:$K,"Tapşırıqların İcrasına Nəzarət platforması üzrə", 'DP və TP'!$X:$X,"Gecikmə",'DP və TP'!$AD:$AD,"<=1") -> 0 | N25: =COUNTIFS('DP və TP'!$B:$B,B25, 'DP və TP'!$K:$K,"Tapşırıqların İcrasına Nəzarət platforması üzrə", 'DP və TP'!$X:$X,"İcra olunmayıb",'DP və TP'!$AD:$AD,"<=1") -> 0 | O25: =COUNTIFS('DP və TP'!$B:$B,B25, 'DP və TP'!$K:$K,"Tapşırıqların İcrasına Nəzarət platforması üzrə", 'DP və TP'!$X:$X,"İcra olunmayıb, prioritet deyil",'DP və TP'!$AD:$AD,"<=1") -> 1 | P25: =SUM(J25:O25) -> 1
A26: 16 | B26: Respublikada rəqəmsal xidmətlərin inkişafı üzrə 2025–2027-ci illər üçün Milli Fəaliyyət Planı | C26: =COUNTIFS('DP və TP'!$B:$B,B26,'DP və TP'!$AD:$AD,"<=1") -> 8 | D26: =COUNTIFS('DP və TP'!$B:$B,B26,'DP və TP'!$X:$X,"Tam icra",'DP və TP'!$AD:$AD,"<=1") -> 0 | E26: =COUNTIFS('DP və TP'!$B:$B,B26, 'DP və TP'!$X:$X,"Qismən icra",'DP və TP'!$AD:$AD,"<=1") -> 0 | F26: =COUNTIFS('DP və TP'!$B:$B,B26, 'DP və TP'!$X:$X,"İcra müddətinə var",'DP və TP'!$AD:$AD,"<=1") -> 2 | G26: =COUNTIFS('DP və TP'!$B:$B,B26, 'DP və TP'!$X:$X,"Gecikmə",'DP və TP'!$AD:$AD,"<=1") -> 2 | H26: =COUNTIFS('DP və TP'!$B:$B,B26, 'DP və TP'!$X:$X,"İcra olunmayıb",'DP və TP'!$AD:$AD,"<=1") -> 0 | I26: =COUNTIFS('DP və TP'!$B:$B,B26, 'DP və TP'!$X:$X,"İcra olunmayıb, prioritet deyil",'DP və TP'!$AD:$AD,"<=1") -> 4 | J26: =COUNTIFS('DP və TP'!$B:$B,B26, 'DP və TP'!$K:$K,"Tapşırıqların İcrasına Nəzarət platforması üzrə", 'DP və TP'!$X:$X,"Tam icra",'DP və TP'!$AD:$AD,"<=1") -> 0 | K26: =COUNTIFS('DP və TP'!$B:$B,B26, 'DP və TP'!$K:$K,"Tapşırıqların İcrasına Nəzarət platforması üzrə", 'DP və TP'!$X:$X,"Qismən icra",'DP və TP'!$AD:$AD,"<=1") -> 0 | L26: =COUNTIFS('DP və TP'!$B:$B,B26, 'DP və TP'!$K:$K,"Tapşırıqların İcrasına Nəzarət platforması üzrə", 'DP və TP'!$X:$X,"İcra müddətinə var",'DP və TP'!$AD:$AD,"<=1") -> 0 | M26: =COUNTIFS('DP və TP'!$B:$B,B26, 'DP və TP'!$K:$K,"Tapşırıqların İcrasına Nəzarət platforması üzrə", 'DP və TP'!$X:$X,"Gecikmə",'DP və TP'!$AD:$AD,"<=1") -> 0 | N26: =COUNTIFS('DP və TP'!$B:$B,B26, 'DP və TP'!$K:$K,"Tapşırıqların İcrasına Nəzarət platforması üzrə", 'DP və TP'!$X:$X,"İcra olunmayıb",'DP və TP'!$AD:$AD,"<=1") -> 0 | O26: =COUNTIFS('DP və TP'!$B:$B,B26, 'DP və TP'!$K:$K,"Tapşırıqların İcrasına Nəzarət platforması üzrə", 'DP və TP'!$X:$X,"İcra olunmayıb, prioritet deyil",'DP və TP'!$AD:$AD,"<=1") -> 0 | P26: =SUM(J26:O26) -> 0
A27: 17 | B27: “Respublikada könüllülük hərəkatının təşviqi üzrə 2021–2025-ci illər üçün Tədbirlər Proqramı” | C27: =COUNTIFS('DP və TP'!$B:$B,B27,'DP və TP'!$AD:$AD,"<=1") -> 10 | D27: =COUNTIFS('DP və TP'!$B:$B,B27,'DP və TP'!$X:$X,"Tam icra",'DP və TP'!$AD:$AD,"<=1") -> 2 | E27: =COUNTIFS('DP və TP'!$B:$B,B27, 'DP və TP'!$X:$X,"Qismən icra",'DP və TP'!$AD:$AD,"<=1") -> 1 | F27: =COUNTIFS('DP və TP'!$B:$B,B27, 'DP və TP'!$X:$X,"İcra müddətinə var",'DP və TP'!$AD:$AD,"<=1") -> 3 | G27: =COUNTIFS('DP və TP'!$B:$B,B27, 'DP və TP'!$X:$X,"Gecikmə",'DP və TP'!$AD:$AD,"<=1") -> 3 | H27: =COUNTIFS('DP və TP'!$B:$B,B27, 'DP və TP'!$X:$X,"İcra olunmayıb",'DP və TP'!$AD:$AD,"<=1") -> 0 | I27: =COUNTIFS('DP və TP'!$B:$B,B27, 'DP və TP'!$X:$X,"İcra olunmayıb, prioritet deyil",'DP və TP'!$AD:$AD,"<=1") -> 1 | J27: =COUNTIFS('DP və TP'!$B:$B,B27, 'DP və TP'!$K:$K,"Tapşırıqların İcrasına Nəzarət platforması üzrə", 'DP və TP'!$X:$X,"Tam icra",'DP və TP'!$AD:$AD,"<=1") -> 1 | K27: =COUNTIFS('DP və TP'!$B:$B,B27, 'DP və TP'!$K:$K,"Tapşırıqların İcrasına Nəzarət platforması üzrə", 'DP və TP'!$X:$X,"Qismən icra",'DP və TP'!$AD:$AD,"<=1") -> 0 | L27: =COUNTIFS('DP və TP'!$B:$B,B27, 'DP və TP'!$K:$K,"Tapşırıqların İcrasına Nəzarət platforması üzrə", 'DP və TP'!$X:$X,"İcra müddətinə var",'DP və TP'!$AD:$AD,"<=1") -> 3 | M27: =COUNTIFS('DP və TP'!$B:$B,B27, 'DP və TP'!$K:$K,"Tapşırıqların İcrasına Nəzarət platforması üzrə", 'DP və TP'!$X:$X,"Gecikmə",'DP və TP'!$AD:$AD,"<=1") -> 3 | N27: =COUNTIFS('DP və TP'!$B:$B,B27, 'DP və TP'!$K:$K,"Tapşırıqların İcrasına Nəzarət platforması üzrə", 'DP və TP'!$X:$X,"İcra olunmayıb",'DP və TP'!$AD:$AD,"<=1") -> 0 | O27: =COUNTIFS('DP və TP'!$B:$B,B27, 'DP və TP'!$K:$K,"Tapşırıqların İcrasına Nəzarət platforması üzrə", 'DP və TP'!$X:$X,"İcra olunmayıb, prioritet deyil",'DP və TP'!$AD:$AD,"<=1") -> 1 | P27: =SUM(J27:O27) -> 8
A28: 18 | B28: “Respublikada ailə institutunun möhkəmləndirilməsi üzrə 2021–2025-ci illər üçün Milli Fəaliyyət Planı” | C28: =COUNTIFS('DP və TP'!$B:$B,B28,'DP və TP'!$AD:$AD,"<=1") -> 20 | D28: =COUNTIFS('DP və TP'!$B:$B,B28,'DP və TP'!$X:$X,"Tam icra",'DP və TP'!$AD:$AD,"<=1") -> 12 | E28: =COUNTIFS('DP və TP'!$B:$B,B28, 'DP və TP'!$X:$X,"Qismən icra",'DP və TP'!$AD:$AD,"<=1") -> 4 | F28: =COUNTIFS('DP və TP'!$B:$B,B28, 'DP və TP'!$X:$X,"İcra müddətinə var",'DP və TP'!$AD:$AD,"<=1") -> 0 | G28: =COUNTIFS('DP və TP'!$B:$B,B28, 'DP və TP'!$X:$X,"Gecikmə",'DP və TP'!$AD:$AD,"<=1") -> 0 | H28: =COUNTIFS('DP və TP'!$B:$B,B28, 'DP və TP'!$X:$X,"İcra olunmayıb",'DP və TP'!$AD:$AD,"<=1") -> 2 | I28: =COUNTIFS('DP və TP'!$B:$B,B28, 'DP və TP'!$X:$X,"İcra olunmayıb, prioritet deyil",'DP və TP'!$AD:$AD,"<=1") -> 2 | J28: =COUNTIFS('DP və TP'!$B:$B,B28, 'DP və TP'!$K:$K,"Tapşırıqların İcrasına Nəzarət platforması üzrə", 'DP və TP'!$X:$X,"Tam icra",'DP və TP'!$AD:$AD,"<=1") -> 3 | K28: =COUNTIFS('DP və TP'!$B:$B,B28, 'DP və TP'!$K:$K,"Tapşırıqların İcrasına Nəzarət platforması üzrə", 'DP və TP'!$X:$X,"Qismən icra",'DP və TP'!$AD:$AD,"<=1") -> 0 | L28: =COUNTIFS('DP və TP'!$B:$B,B28, 'DP və TP'!$K:$K,"Tapşırıqların İcrasına Nəzarət platforması üzrə", 'DP və TP'!$X:$X,"İcra müddətinə var",'DP və TP'!$AD:$AD,"<=1") -> 0 | M28: =COUNTIFS('DP və TP'!$B:$B,B28, 'DP və TP'!$K:$K,"Tapşırıqların İcrasına Nəzarət platforması üzrə", 'DP və TP'!$X:$X,"Gecikmə",'DP və TP'!$AD:$AD,"<=1") -> 0 | N28: =COUNTIFS('DP və TP'!$B:$B,B28, 'DP və TP'!$K:$K,"Tapşırıqların İcrasına Nəzarət platforması üzrə", 'DP və TP'!$X:$X,"İcra olunmayıb",'DP və TP'!$AD:$AD,"<=1") -> 0 | O28: =COUNTIFS('DP və TP'!$B:$B,B28, 'DP və TP'!$K:$K,"Tapşırıqların İcrasına Nəzarət platforması üzrə", 'DP və TP'!$X:$X,"İcra olunmayıb, prioritet deyil",'DP və TP'!$AD:$AD,"<=1") -> 0 | P28: =SUM(J28:O28) -> 3
A29: 19 | B29: Respublikada vətəndaş müraciətlərinin səmərəli idarə olunması üzrə 2023–2027-ci illər üçün Strategiyanın həyata keçirilməsi üzrə Tədbirlər Planı | C29: =COUNTIFS('DP və TP'!$B:$B,B29,'DP və TP'!$AD:$AD,"<=1") -> 10 | D29: =COUNTIFS('DP və TP'!$B:$B,B29,'DP və TP'!$X:$X,"Tam icra",'DP və TP'!$AD:$AD,"<=1") -> 1 | E29: =COUNTIFS('DP və TP'!$B:$B,B29, 'DP və TP'!$X:$X,"Qismən icra",'DP və TP'!$AD:$AD,"<=1") -> 0 | F29: =COUNTIFS('DP və TP'!$B:$B,B29, 'DP və TP'!$X:$X,"İcra müddətinə var",'DP və TP'!$AD:$AD,"<=1") -> 6 | G29: =COUNTIFS('DP və TP'!$B:$B,B29, 'DP və TP'!$X:$X,"Gecikmə",'DP və TP'!$AD:$AD,"<=1") -> 1 | H29: =COUNTIFS('DP və TP'!$B:$B,B29, 'DP və TP'!$X:$X,"İcra olunmayıb",'DP və TP'!$AD:$AD,"<=1") -> 0 | I29: =COUNTIFS('DP və TP'!$B:$B,B29, 'DP və TP'!$X:$X,"İcra olunmayıb, prioritet deyil",'DP və TP'!$AD:$AD,"<=1") -> 2 | J29: =COUNTIFS('DP və TP'!$B:$B,B29, 'DP və TP'!$K:$K,"Tapşırıqların İcrasına Nəzarət platforması üzrə", 'DP və TP'!$X:$X,"Tam icra",'DP və TP'!$AD:$AD,"<=1") -> 0 | K29: =COUNTIFS('DP və TP'!$B:$B,B29, 'DP və TP'!$K:$K,"Tapşırıqların İcrasına Nəzarət platforması üzrə", 'DP və TP'!$X:$X,"Qismən icra",'DP və TP'!$AD:$AD,"<=1") -> 0 | L29: =COUNTIFS('DP və TP'!$B:$B,B29, 'DP və TP'!$K:$K,"Tapşırıqların İcrasına Nəzarət platforması üzrə", 'DP və TP'!$X:$X,"İcra müddətinə var",'DP və TP'!$AD:$AD,"<=1") -> 0 | M29: =COUNTIFS('DP və TP'!$B:$B,B29, 'DP və TP'!$K:$K,"Tapşırıqların İcrasına Nəzarət platforması üzrə", 'DP və TP'!$X:$X,"Gecikmə",'DP və TP'!$AD:$AD,"<=1") -> 0 | N29: =COUNTIFS('DP və TP'!$B:$B,B29, 'DP və TP'!$K:$K,"Tapşırıqların İcrasına Nəzarət platforması üzrə", 'DP və TP'!$X:$X,"İcra olunmayıb",'DP və TP'!$AD:$AD,"<=1") -> 0 | O29: =COUNTIFS('DP və TP'!$B:$B,B29, 'DP və TP'!$K:$K,"Tapşırıqların İcrasına Nəzarət platforması üzrə", 'DP və TP'!$X:$X,"İcra olunmayıb, prioritet deyil",'DP və TP'!$AD:$AD,"<=1") -> 0 | P29: =SUM(J29:O29) -> 0
A30: 20 | B30: Respublikada gənclərin məşğulluğunun artırılması üzrə 2020–2024-ci illər üçün Strategiyanın həyata keçirilməsi üzrə Tədbirlər Planı | C30: =COUNTIFS('DP və TP'!$B:$B,B30,'DP və TP'!$AD:$AD,"<=1") -> 1 | D30: =COUNTIFS('DP və TP'!$B:$B,B30,'DP və TP'!$X:$X,"Tam icra",'DP və TP'!$AD:$AD,"<=1") -> 1 | E30: =COUNTIFS('DP və TP'!$B:$B,B30, 'DP və TP'!$X:$X,"Qismən icra",'DP və TP'!$AD:$AD,"<=1") -> 0 | F30: =COUNTIFS('DP və TP'!$B:$B,B30, 'DP və TP'!$X:$X,"İcra müddətinə var",'DP və TP'!$AD:$AD,"<=1") -> 0 | G30: =COUNTIFS('DP və TP'!$B:$B,B30, 'DP və TP'!$X:$X,"Gecikmə",'DP və TP'!$AD:$AD,"<=1") -> 0 | H30: =COUNTIFS('DP və TP'!$B:$B,B30, 'DP və TP'!$X:$X,"İcra olunmayıb",'DP və TP'!$AD:$AD,"<=1") -> 0 | I30: =COUNTIFS('DP və TP'!$B:$B,B30, 'DP və TP'!$X:$X,"İcra olunmayıb, prioritet deyil",'DP və TP'!$AD:$AD,"<=1") -> 0 | J30: =COUNTIFS('DP və TP'!$B:$B,B30, 'DP və TP'!$K:$K,"Tapşırıqların İcrasına Nəzarət platforması üzrə", 'DP və TP'!$X:$X,"Tam icra",'DP və TP'!$AD:$AD,"<=1") -> 1 | K30: =COUNTIFS('DP və TP'!$B:$B,B30, 'DP və TP'!$K:$K,"Tapşırıqların İcrasına Nəzarət platforması üzrə", 'DP və TP'!$X:$X,"Qismən icra",'DP və TP'!$AD:$AD,"<=1") -> 0 | L30: =COUNTIFS('DP və TP'!$B:$B,B30, 'DP və TP'!$K:$K,"Tapşırıqların İcrasına Nəzarət platforması üzrə", 'DP və TP'!$X:$X,"İcra müddətinə var",'DP və TP'!$AD:$AD,"<=1") -> 0 | M30: =COUNTIFS('DP və TP'!$B:$B,B30, 'DP və TP'!$K:$K,"Tapşırıqların İcrasına Nəzarət platforması üzrə", 'DP və TP'!$X:$X,"Gecikmə",'DP və TP'!$AD:$AD,"<=1") -> 0 | N30: =COUNTIFS('DP və TP'!$B:$B,B30, 'DP və TP'!$K:$K,"Tapşırıqların İcrasına Nəzarət platforması üzrə", 'DP və TP'!$X:$X,"İcra olunmayıb",'DP və TP'!$AD:$AD,"<=1") -> 0 | O30: =COUNTIFS('DP və TP'!$B:$B,B30, 'DP və TP'!$K:$K,"Tapşırıqların İcrasına Nəzarət platforması üzrə", 'DP və TP'!$X:$X,"İcra olunmayıb, prioritet deyil",'DP və TP'!$AD:$AD,"<=1") -> 0 | P30: =SUM(J30:O30) -> 1
A31: 21 | B31: “Respublikada şəffaflığın və hesabatlılığın artırılması üzrə 2021–2025-ci illər üçün Strategiyanın həyata keçirilməsi üzrə Tədbirlər Planı” | C31: =COUNTIFS('DP və TP'!$B:$B,B31,'DP və TP'!$AD:$AD,"<=1") -> 1 | D31: =COUNTIFS('DP və TP'!$B:$B,B31,'DP və TP'!$X:$X,"Tam icra",'DP və TP'!$AD:$AD,"<=1") -> 1 | E31: =COUNTIFS('DP və TP'!$B:$B,B31, 'DP və TP'!$X:$X,"Qismən icra",'DP və TP'!$AD:$AD,"<=1") -> 0 | F31: =COUNTIFS('DP və TP'!$B:$B,B31, 'DP və TP'!$X:$X,"İcra müddətinə var",'DP və TP'!$AD:$AD,"<=1") -> 0 | G31: =COUNTIFS('DP və TP'!$B:$B,B31, 'DP və TP'!$X:$X,"Gecikmə",'DP və TP'!$AD:$AD,"<=1") -> 0 | H31: =COUNTIFS('DP və TP'!$B:$B,B31, 'DP və TP'!$X:$X,"İcra olunmayıb",'DP və TP'!$AD:$AD,"<=1") -> 0 | I31: =COUNTIFS('DP və TP'!$B:$B,B31, 'DP və TP'!$X:$X,"İcra olunmayıb, prioritet deyil",'DP və TP'!$AD:$AD,"<=1") -> 0 | J31: =COUNTIFS('DP və TP'!$B:$B,B31, 'DP və TP'!$K:$K,"Tapşırıqların İcrasına Nəzarət platforması üzrə", 'DP və TP'!$X:$X,"Tam icra",'DP və TP'!$AD:$AD,"<=1") -> 1 | K31: =COUNTIFS('DP və TP'!$B:$B,B31, 'DP və TP'!$K:$K,"Tapşırıqların İcrasına Nəzarət platforması üzrə", 'DP və TP'!$X:$X,"Qismən icra",'DP və TP'!$AD:$AD,"<=1") -> 0 | L31: =COUNTIFS('DP və TP'!$B:$B,B31, 'DP və TP'!$K:$K,"Tapşırıqların İcrasına Nəzarət platforması üzrə", 'DP və TP'!$X:$X,"İcra müddətinə var",'DP və TP'!$AD:$AD,"<=1") -> 0 | M31: =COUNTIFS('DP və TP'!$B:$B,B31, 'DP və TP'!$K:$K,"Tapşırıqların İcrasına Nəzarət platforması üzrə", 'DP və TP'!$X:$X,"Gecikmə",'DP və TP'!$AD:$AD,"<=1") -> 0 | N31: =COUNTIFS('DP və TP'!$B:$B,B31, 'DP və TP'!$K:$K,"Tapşırıqların İcrasına Nəzarət platforması üzrə", 'DP və TP'!$X:$X,"İcra olunmayıb",'DP və TP'!$AD:$AD,"<=1") -> 0 | O31: =COUNTIFS('DP və TP'!$B:$B,B31, 'DP və TP'!$K:$K,"Tapşırıqların İcrasına Nəzarət platforması üzrə", 'DP və TP'!$X:$X,"İcra olunmayıb, prioritet deyil",'DP və TP'!$AD:$AD,"<=1") -> 0 | P31: =SUM(J31:O31) -> 1
A32: 22 | B32: Respublikada uşaq hüquqlarının qorunması üzrə 2023–2028-ci illər üçün Dövlət Proqramı | C32: =COUNTIFS('DP və TP'!$B:$B,B32,'DP və TP'!$AD:$AD,"<=1") -> 3 | D32: =COUNTIFS('DP və TP'!$B:$B,B32,'DP və TP'!$X:$X,"Tam icra",'DP və TP'!$AD:$AD,"<=1") -> 0 | E32: =COUNTIFS('DP və TP'!$B:$B,B32, 'DP və TP'!$X:$X,"Qismən icra",'DP və TP'!$AD:$AD,"<=1") -> 1 | F32: =COUNTIFS('DP və TP'!$B:$B,B32, 'DP və TP'!$X:$X,"İcra müddətinə var",'DP və TP'!$AD:$AD,"<=1") -> 1 | G32: =COUNTIFS('DP və TP'!$B:$B,B32, 'DP və TP'!$X:$X,"Gecikmə",'DP və TP'!$AD:$AD,"<=1") -> 0 | H32: =COUNTIFS('DP və TP'!$B:$B,B32, 'DP və TP'!$X:$X,"İcra olunmayıb",'DP və TP'!$AD:$AD,"<=1") -> 1 | I32: =COUNTIFS('DP və TP'!$B:$B,B32, 'DP və TP'!$X:$X,"İcra olunmayıb, prioritet deyil",'DP və TP'!$AD:$AD,"<=1") -> 0 | J32: =COUNTIFS('DP və TP'!$B:$B,B32, 'DP və TP'!$K:$K,"Tapşırıqların İcrasına Nəzarət platforması üzrə", 'DP və TP'!$X:$X,"Tam icra",'DP və TP'!$AD:$AD,"<=1") -> 0 | K32: =COUNTIFS('DP və TP'!$B:$B,B32, 'DP və TP'!$K:$K,"Tapşırıqların İcrasına Nəzarət platforması üzrə", 'DP və TP'!$X:$X,"Qismən icra",'DP və TP'!$AD:$AD,"<=1") -> 0 | L32: =COUNTIFS('DP və TP'!$B:$B,B32, 'DP və TP'!$K:$K,"Tapşırıqların İcrasına Nəzarət platforması üzrə", 'DP və TP'!$X:$X,"İcra müddətinə var",'DP və TP'!$AD:$AD,"<=1") -> 0 | M32: =COUNTIFS('DP və TP'!$B:$B,B32, 'DP və TP'!$K:$K,"Tapşırıqların İcrasına Nəzarət platforması üzrə", 'DP və TP'!$X:$X,"Gecikmə",'DP və TP'!$AD:$AD,"<=1") -> 0 | N32: =COUNTIFS('DP və TP'!$B:$B,B32, 'DP və TP'!$K:$K,"Tapşırıqların İcrasına Nəzarət platforması üzrə", 'DP və TP'!$X:$X,"İcra olunmayıb",'DP və TP'!$AD:$AD,"<=1") -> 0 | O32: =COUNTIFS('DP və TP'!$B:$B,B32, 'DP və TP'!$K:$K,"Tapşırıqların İcrasına Nəzarət platforması üzrə", 'DP və TP'!$X:$X,"İcra olunmayıb, prioritet deyil",'DP və TP'!$AD:$AD,"<=1") -> 0 | P32: =SUM(J32:O32) -> 0
A33: 23 | B33: Respublikada ailələrə dəstək proqramlarının genişləndirilməsi üzrə 2022–2025-ci illər üçün Strategiyanın həyata keçirilməsi üzrə Tədbirlər Planı | C33: =COUNTIFS('DP və TP'!$B:$B,B33,'DP və TP'!$AD:$AD,"<=1") -> 1 | D33: =COUNTIFS('DP və TP'!$B:$B,B33,'DP və TP'!$X:$X,"Tam icra",'DP və TP'!$AD:$AD,"<=1") -> 0 | E33: =COUNTIFS('DP və TP'!$B:$B,B33, 'DP və TP'!$X:$X,"Qismən icra",'DP və TP'!$AD:$AD,"<=1") -> 0 | F33: =COUNTIFS('DP və TP'!$B:$B,B33, 'DP və TP'!$X:$X,"İcra müddətinə var",'DP və TP'!$AD:$AD,"<=1") -> 1 | G33: =COUNTIFS('DP və TP'!$B:$B,B33, 'DP və TP'!$X:$X,"Gecikmə",'DP və TP'!$AD:$AD,"<=1") -> 0 | H33: =COUNTIFS('DP və TP'!$B:$B,B33, 'DP və TP'!$X:$X,"İcra olunmayıb",'DP və TP'!$AD:$AD,"<=1") -> 0 | I33: =COUNTIFS('DP və TP'!$B:$B,B33, 'DP və TP'!$X:$X,"İcra olunmayıb, prioritet deyil",'DP və TP'!$AD:$AD,"<=1") -> 0 | J33: =COUNTIFS('DP və TP'!$B:$B,B33, 'DP və TP'!$K:$K,"Tapşırıqların İcrasına Nəzarət platforması üzrə", 'DP və TP'!$X:$X,"Tam icra",'DP və TP'!$AD:$AD,"<=1") -> 0 | K33: =COUNTIFS('DP və TP'!$B:$B,B33, 'DP və TP'!$K:$K,"Tapşırıqların İcrasına Nəzarət platforması üzrə", 'DP və TP'!$X:$X,"Qismən icra",'DP və TP'!$AD:$AD,"<=1") -> 0 | L33: =COUNTIFS('DP və TP'!$B:$B,B33, 'DP və TP'!$K:$K,"Tapşırıqların İcrasına Nəzarət platforması üzrə", 'DP və TP'!$X:$X,"İcra müddətinə var",'DP və TP'!$AD:$AD,"<=1") -> 1 | M33: =COUNTIFS('DP və TP'!$B:$B,B33, 'DP və TP'!$K:$K,"Tapşırıqların İcrasına Nəzarət platforması üzrə", 'DP və TP'!$X:$X,"Gecikmə",'DP və TP'!$AD:$AD,"<=1") -> 0 | N33: =COUNTIFS('DP və TP'!$B:$B,B33, 'DP və TP'!$K:$K,"Tapşırıqların İcrasına Nəzarət platforması üzrə", 'DP və TP'!$X:$X,"İcra olunmayıb",'DP və TP'!$AD:$AD,"<=1") -> 0 | O33: =COUNTIFS('DP və TP'!$B:$B,B33, 'DP və TP'!$K:$K,"Tapşırıqların İcrasına Nəzarət platforması üzrə", 'DP və TP'!$X:$X,"İcra olunmayıb, prioritet deyil",'DP və TP'!$AD:$AD,"<=1") -> 0 | P33: =SUM(J33:O33) -> 1
A34: 24 | B34: Respublikada maarifləndirmə fəaliyyətinin təşkili üzrə 2020–2021-ci illər üçün Milli Fəaliyyət Planı | C34: =COUNTIFS('DP və TP'!$B:$B,B34,'DP və TP'!$AD:$AD,"<=1") -> 18 | D34: =COUNTIFS('DP və TP'!$B:$B,B34,'DP və TP'!$X:$X,"Tam icra",'DP və TP'!$AD:$AD,"<=1") -> 1 | E34: =COUNTIFS('DP və TP'!$B:$B,B34, 'DP və TP'!$X:$X,"Qismən icra",'DP və TP'!$AD:$AD,"<=1") -> 0 | F34: =COUNTIFS('DP və TP'!$B:$B,B34, 'DP və TP'!$X:$X,"İcra müddətinə var",'DP və TP'!$AD:$AD,"<=1") -> 10 | G34: =COUNTIFS('DP və TP'!$B:$B,B34, 'DP və TP'!$X:$X,"Gecikmə",'DP və TP'!$AD:$AD,"<=1") -> 2 | H34: =COUNTIFS('DP və TP'!$B:$B,B34, 'DP və TP'!$X:$X,"İcra olunmayıb",'DP və TP'!$AD:$AD,"<=1") -> 1 | I34: =COUNTIFS('DP və TP'!$B:$B,B34, 'DP və TP'!$X:$X,"İcra olunmayıb, prioritet deyil",'DP və TP'!$AD:$AD,"<=1") -> 4 | J34: =COUNTIFS('DP və TP'!$B:$B,B34, 'DP və TP'!$K:$K,"Tapşırıqların İcrasına Nəzarət platforması üzrə", 'DP və TP'!$X:$X,"Tam icra",'DP və TP'!$AD:$AD,"<=1") -> 0 | K34: =COUNTIFS('DP və TP'!$B:$B,B34, 'DP və TP'!$K:$K,"Tapşırıqların İcrasına Nəzarət platforması üzrə", 'DP və TP'!$X:$X,"Qismən icra",'DP və TP'!$AD:$AD,"<=1") -> 0 | L34: =COUNTIFS('DP və TP'!$B:$B,B34, 'DP və TP'!$K:$K,"Tapşırıqların İcrasına Nəzarət platforması üzrə", 'DP və TP'!$X:$X,"İcra müddətinə var",'DP və TP'!$AD:$AD,"<=1") -> 1 | M34: =COUNTIFS('DP və TP'!$B:$B,B34, 'DP və TP'!$K:$K,"Tapşırıqların İcrasına Nəzarət platforması üzrə", 'DP və TP'!$X:$X,"Gecikmə",'DP və TP'!$AD:$AD,"<=1") -> 1 | N34: =COUNTIFS('DP və TP'!$B:$B,B34, 'DP və TP'!$K:$K,"Tapşırıqların İcrasına Nəzarət platforması üzrə", 'DP və TP'!$X:$X,"İcra olunmayıb",'DP və TP'!$AD:$AD,"<=1") -> 1 | O34: =COUNTIFS('DP və TP'!$B:$B,B34, 'DP və TP'!$K:$K,"Tapşırıqların İcrasına Nəzarət platforması üzrə", 'DP və TP'!$X:$X,"İcra olunmayıb, prioritet deyil",'DP və TP'!$AD:$AD,"<=1") -> 0
A35: 25 | B35: “Respublikada monitorinq və qiymətləndirmə sisteminin qurulması üzrə 2019–2024-ci illər üçün Tədbirlər Proqramı” | C35: =COUNTIFS('DP və TP'!$B:$B,B35,'DP və TP'!$AD:$AD,"<=1") -> 28 | D35: =COUNTIFS('DP və TP'!$B:$B,B35,'DP və TP'!$X:$X,"Tam icra",'DP və TP'!$AD:$AD,"<=1") -> 10 | E35: =COUNTIFS('DP və TP'!$B:$B,B35, 'DP və TP'!$X:$X,"Qismən icra",'DP və TP'!$AD:$AD,"<=1") -> 3 | F35: =COUNTIFS('DP və TP'!$B:$B,B35, 'DP və TP'!$X:$X,"İcra müddətinə var",'DP və TP'!$AD:$AD,"<=1") -> 4 | G35: =COUNTIFS('DP və TP'!$B:$B,B35, 'DP və TP'!$X:$X,"Gecikmə",'DP və TP'!$AD:$AD,"<=1") -> 2 | H35: =COUNTIFS('DP və TP'!$B:$B,B35, 'DP və TP'!$X:$X,"İcra olunmayıb",'DP və TP'!$AD:$AD,"<=1") -> 2 | I35: =COUNTIFS('DP və TP'!$B:$B,B35, 'DP və TP'!$X:$X,"İcra olunmayıb, prioritet deyil",'DP və TP'!$AD:$AD,"<=1") -> 7 | J35: =COUNTIFS('DP və TP'!$B:$B,B35, 'DP və TP'!$K:$K,"Tapşırıqların İcrasına Nəzarət platforması üzrə", 'DP və TP'!$X:$X,"Tam icra",'DP və TP'!$AD:$AD,"<=1") -> 2 | K35: =COUNTIFS('DP və TP'!$B:$B,B35, 'DP və TP'!$K:$K,"Tapşırıqların İcrasına Nəzarət platforması üzrə", 'DP və TP'!$X:$X,"Qismən icra",'DP və TP'!$AD:$AD,"<=1") -> 1 | L35: =COUNTIFS('DP və TP'!$B:$B,B35, 'DP və TP'!$K:$K,"Tapşırıqların İcrasına Nəzarət platforması üzrə", 'DP və TP'!$X:$X,"İcra müddətinə var",'DP və TP'!$AD:$AD,"<=1") -> 1 | M35: =COUNTIFS('DP və TP'!$B:$B,B35, 'DP və TP'!$K:$K,"Tapşırıqların İcrasına Nəzarət platforması üzrə", 'DP və TP'!$X:$X,"Gecikmə",'DP və TP'!$AD:$AD,"<=1") -> 1 | N35: =COUNTIFS('DP və TP'!$B:$B,B35, 'DP və TP'!$K:$K,"Tapşırıqların İcrasına Nəzarət platforması üzrə", 'DP və TP'!$X:$X,"İcra olunmayıb",'DP və TP'!$AD:$AD,"<=1") -> 0 | O35: =COUNTIFS('DP və TP'!$B:$B,B35, 'DP və TP'!$K:$K,"Tapşırıqların İcrasına Nəzarət platforması üzrə", 'DP və TP'!$X:$X,"İcra olunmayıb, prioritet deyil",'DP və TP'!$AD:$AD,"<=1") -> 0 | P35: =SUM(J35:O35) -> 5
A36: 26 | B36: “Respublikada qlobal tərəfdaşlıqların genişləndirilməsi üzrə 2026–2029-ci illər üçün Strategiyanın həyata keçirilməsi üzrə Tədbirlər Planı” | C36: =COUNTIFS('DP və TP'!$B:$B,B36,'DP və TP'!$AD:$AD,"<=1") -> 94 | D36: =COUNTIFS('DP və TP'!$B:$B,B36,'DP və TP'!$X:$X,"Tam icra",'DP və TP'!$AD:$AD,"<=1") -> 13 | E36: =COUNTIFS('DP və TP'!$B:$B,B36, 'DP və TP'!$X:$X,"Qismən icra",'DP və TP'!$AD:$AD,"<=1") -> 13 | F36: =COUNTIFS('DP və TP'!$B:$B,B36, 'DP və TP'!$X:$X,"İcra müddətinə var",'DP və TP'!$AD:$AD,"<=1") -> 35 | G36: =COUNTIFS('DP və TP'!$B:$B,B36, 'DP və TP'!$X:$X,"Gecikmə",'DP və TP'!$AD:$AD,"<=1") -> 5 | H36: =COUNTIFS('DP və TP'!$B:$B,B36, 'DP və TP'!$X:$X,"İcra olunmayıb",'DP və TP'!$AD:$AD,"<=1") -> 8 | I36: =COUNTIFS('DP və TP'!$B:$B,B36, 'DP və TP'!$X:$X,"İcra olunmayıb, prioritet deyil",'DP və TP'!$AD:$AD,"<=1") -> 20 | J36: =COUNTIFS('DP və TP'!$B:$B,B36, 'DP və TP'!$K:$K,"Tapşırıqların İcrasına Nəzarət platforması üzrə", 'DP və TP'!$X:$X,"Tam icra",'DP və TP'!$AD:$AD,"<=1") -> 3 | K36: =COUNTIFS('DP və TP'!$B:$B,B36, 'DP və TP'!$K:$K,"Tapşırıqların İcrasına Nəzarət platforması üzrə", 'DP və TP'!$X:$X,"Qismən icra",'DP və TP'!$AD:$AD,"<=1") -> 0 | L36: =COUNTIFS('DP və TP'!$B:$B,B36, 'DP və TP'!$K:$K,"Tapşırıqların İcrasına Nəzarət platforması üzrə", 'DP və TP'!$X:$X,"İcra müddətinə var",'DP və TP'!$AD:$AD,"<=1") -> 1 | M36: =COUNTIFS('DP və TP'!$B:$B,B36, 'DP və TP'!$K:$K,"Tapşırıqların İcrasına Nəzarət platforması üzrə", 'DP və TP'!$X:$X,"Gecikmə",'DP və TP'!$AD:$AD,"<=1") -> 0 | N36: =COUNTIFS('DP və TP'!$B:$B,B36, 'DP və TP'!$K:$K,"Tapşırıqların İcrasına Nəzarət platforması üzrə", 'DP və TP'!$X:$X,"İcra olunmayıb",'DP və TP'!$AD:$AD,"<=1") -> 1 | O36: =COUNTIFS('DP və TP'!$B:$B,B36, 'DP və TP'!$K:$K,"Tapşırıqların İcrasına Nəzarət platforması üzrə", 'DP və TP'!$X:$X,"İcra olunmayıb, prioritet deyil",'DP və TP'!$AD:$AD,"<=1") -> 1 | P36: =SUM(J36:O36) -> 6
A37: 27 | B37: Respublikada sosial müəssisələrin müasirləşdirilməsi üzrə 2022–2026-ci illər üçün Dövlət Proqramı | C37: =COUNTIFS('DP və TP'!$B:$B,B37,'DP və TP'!$AD:$AD,"<=1") -> 2 | D37: =COUNTIFS('DP və TP'!$B:$B,B37,'DP və TP'!$X:$X,"Tam icra",'DP və TP'!$AD:$AD,"<=1") -> 1 | E37: =COUNTIFS('DP və TP'!$B:$B,B37, 'DP və TP'!$X:$X,"Qismən icra",'DP və TP'!$AD:$AD,"<=1") -> 1 | F37: =COUNTIFS('DP və TP'!$B:$B,B37, 'DP və TP'!$X:$X,"İcra müddətinə var",'DP və TP'!$AD:$AD,"<=1") -> 0 | G37: =COUNTIFS('DP və TP'!$B:$B,B37, 'DP və TP'!$X:$X,"Gecikmə",'DP və TP'!$AD:$AD,"<=1") -> 0 | H37: =COUNTIFS('DP və TP'!$B:$B,B37, 'DP və TP'!$X:$X,"İcra olunmayıb",'DP və TP'!$AD:$AD,"<=1") -> 0 | I37: =COUNTIFS('DP və TP'!$B:$B,B37, 'DP və TP'!$X:$X,"İcra olunmayıb, prioritet deyil",'DP və TP'!$AD:$AD,"<=1") -> 0 | J37: =COUNTIFS('DP və TP'!$B:$B,B37, 'DP və TP'!$K:$K,"Tapşırıqların İcrasına Nəzarət platforması üzrə", 'DP və TP'!$X:$X,"Tam icra",'DP və TP'!$AD:$AD,"<=1") -> 0 | K37: =COUNTIFS('DP və TP'!$B:$B,B37, 'DP və TP'!$K:$K,"Tapşırıqların İcrasına Nəzarət platforması üzrə", 'DP və TP'!$X:$X,"Qismən icra",'DP və TP'!$AD:$AD,"<=1") -> 0 | L37: =COUNTIFS('DP və TP'!$B:$B,B37, 'DP və TP'!$K:$K,"Tapşırıqların İcrasına Nəzarət platforması üzrə", 'DP və TP'!$X:$X,"İcra müddətinə var",'DP və TP'!$AD:$AD,"<=1") -> 0 | M37: =COUNTIFS('DP və TP'!$B:$B,B37, 'DP və TP'!$K:$K,"Tapşırıqların İcrasına Nəzarət platforması üzrə", 'DP və TP'!$X:$X,"Gecikmə",'DP və TP'!$AD:$AD,"<=1") -> 0 | N37: =COUNTIFS('DP və TP'!$B:$B,B37, 'DP və TP'!$K:$K,"Tapşırıqların İcrasına Nəzarət platforması üzrə", 'DP və TP'!$X:$X,"İcra olunmayıb",'DP və TP'!$AD:$AD,"<=1") -> 0 | O37: =COUNTIFS('DP və TP'!$B:$B,B37, 'DP və TP'!$K:$K,"Tapşırıqların İcrasına Nəzarət platforması üzrə", 'DP və TP'!$X:$X,"İcra olunmayıb, prioritet deyil",'DP və TP'!$AD:$AD,"<=1") -> 0
A38: 28 | B38: Respublikada kadr potensialının gücləndirilməsi üzrə 2023–2025-ci illər üçün Konsepsiyanın icrası üzrə Fəaliyyət Planı | C38: =COUNTIFS('DP və TP'!$B:$B,B38,'DP və TP'!$AD:$AD,"<=1") -> 4 | D38: =COUNTIFS('DP və TP'!$B:$B,B38,'DP və TP'!$X:$X,"Tam icra",'DP və TP'!$AD:$AD,"<=1") -> 1 | E38: =COUNTIFS('DP və TP'!$B:$B,B38, 'DP və TP'!$X:$X,"Qismən icra",'DP və TP'!$AD:$AD,"<=1") -> 1 | F38: =COUNTIFS('DP və TP'!$B:$B,B38, 'DP və TP'!$X:$X,"İcra müddətinə var",'DP və TP'!$AD:$AD,"<=1") -> 0 | G38: =COUNTIFS('DP və TP'!$B:$B,B38, 'DP və TP'!$X:$X,"Gecikmə",'DP və TP'!$AD:$AD,"<=1") -> 0 | H38: =COUNTIFS('DP və TP'!$B:$B,B38, 'DP və TP'!$X:$X,"İcra olunmayıb",'DP və TP'!$AD:$AD,"<=1") -> 2 | I38: =COUNTIFS('DP və TP'!$B:$B,B38, 'DP və TP'!$X:$X,"İcra olunmayıb, prioritet deyil",'DP və TP'!$AD:$AD,"<=1") -> 0 | J38: =COUNTIFS('DP və TP'!$B:$B,B38, 'DP və TP'!$K:$K,"Tapşırıqların İcrasına Nəzarət platforması üzrə", 'DP və TP'!$X:$X,"Tam icra",'DP və TP'!$AD:$AD,"<=1") -> 0 | K38: =COUNTIFS('DP və TP'!$B:$B,B38, 'DP və TP'!$K:$K,"Tapşırıqların İcrasına Nəzarət platforması üzrə", 'DP və TP'!$X:$X,"Qismən icra",'DP və TP'!$AD:$AD,"<=1") -> 1 | L38: =COUNTIFS('DP və TP'!$B:$B,B38, 'DP və TP'!$K:$K,"Tapşırıqların İcrasına Nəzarət platforması üzrə", 'DP və TP'!$X:$X,"İcra müddətinə var",'DP və TP'!$AD:$AD,"<=1") -> 0 | M38: =COUNTIFS('DP və TP'!$B:$B,B38, 'DP və TP'!$K:$K,"Tapşırıqların İcrasına Nəzarət platforması üzrə", 'DP və TP'!$X:$X,"Gecikmə",'DP və TP'!$AD:$AD,"<=1") -> 0 | N38: =COUNTIFS('DP və TP'!$B:$B,B38, 'DP və TP'!$K:$K,"Tapşırıqların İcrasına Nəzarət platforması üzrə", 'DP və TP'!$X:$X,"İcra olunmayıb",'DP və TP'!$AD:$AD,"<=1") -> 0 | O38: =COUNTIFS('DP və TP'!$B:$B,B38, 'DP və TP'!$K:$K,"Tapşırıqların İcrasına Nəzarət platforması üzrə", 'DP və TP'!$X:$X,"İcra olunmayıb, prioritet deyil",'DP və TP'!$AD:$AD,"<=1") -> 0 | P38: =SUM(J38:O38) -> 1
A39: CƏMİ | C39: =SUM(C11:C38) -> 259 | D39: =SUM(D11:D38) -> 61 | E39: =SUM(E11:E38) -> 29 | F39: =SUM(F11:F38) -> 82 | G39: =SUM(G11:G38) -> 21 | H39: =SUM(H11:H38) -> 18 | I39: =SUM(I11:I38) -> 48 | J39: =SUM(J11:J33) -> 13 | K39: =SUM(K11:K33) -> 2 | L39: =SUM(L11:L33) -> 9 | M39: =SUM(M11:M33) -> 5 | N39: =SUM(N11:N33) -> 1 | O39: =SUM(O11:O33) -> 4 | P39: =SUM(P11:P33) -> 32

Sheet Hesabat II
B1: DP N əsas TP A əsas - Dövlət Proqramı üzrə Nazirliyin əsas, Nazirliyin Tədbirlər Planı ilə Agentliyin əsas içracı olduğu bəndlər | E1: Göstərici | F1: Hüquqi aktların sayı | G1: Yarımbəndlərin sayı
B2: DP N əsas TP A digər - Dövlət Proqramı üzrə Nazirliyin əsas, Nazirliyin Tədbirlər Planı ilə Agentliyin digər içracı olduğu bəndlər | E2: Ümumi icra olunan işlər | F2: =A38 -> 28 | G2: =SUM(G3:G4) -> 319
B3: DP N digər TP A əsas - Dövlət Proqramı üzrə Nazirliyin digər, Nazirliyin Tədbirlər Planı ilə Agentliyin əsas içracı olduğu bəndlər | E3: Əsas icraçı olduğumuz | F3: 18 | G3: =COUNTIFS('DP və TP'!J:J,"Əsas icraçı",'DP və TP'!$AD:$AD,"<=2") -> 159
B4: DP N digər TP A digər - Dövlət Proqramı üzrə Nazirliyin digər, Nazirliyin Tədbirlər Planı ilə Agentliyin digər içracı olduğu bəndlər | E4: Digər icraçı olduğumuz | F4: 19 | G4: =COUNTIFS('DP və TP'!J:J,"Digər icraçı",'DP və TP'!$AD:$AD,"<=2") -> 160
B5: Tin üzrə - Tapşırıqların İcrasına Nəzarət platformasında olan bəndlər
A9: Sıra № | B9: Hüquqi Aktın adı | C9: İcra olunmalı yarımbənd sayı | D9: Hüquqi Akt üzrə icra vəziyyəti | J9: Tin üzrə icra vəziyyəti
D10: Tam icra | E10: Qismən icra | F10: İcra müddətinə var | G10: Gecikmə | H10: İcra olunmayıb | I10: İcra olunmayıb, prioritet deyil | J10: Tam icra | K10: Qismən icra | L10: İcra müddətinə var | M10: Gecikmə | N10: İcra olunmayıb | O10: İcra olunmayıb, prioritet deyil | P10: CƏMİ
A11: 1 | B11: “Respublikada regional inkişaf üzrə 2024–2029-ci illər üçün Dövlət Proqramı” | C11: =COUNTIFS('DP və TP'!$B:$B,B11,'DP və TP'!$AD:$AD,"<=2") -> 12 | D11: =COUNTIFS('DP və TP'!$B:$B,B11,'DP və TP'!$Y:$Y,"Tam icra",'DP və TP'!$AD:$AD,"<=2") -> 4 | E11: =COUNTIFS('DP və TP'!$B:$B,B11, 'DP və TP'!$Y:$Y,"Qismən icra",'DP və TP'!$AD:$AD,"<=2") -> 3 | F11: =COUNTIFS('DP və TP'!$B:$B,B11, 'DP və TP'!$Y:$Y,"İcra müddətinə var",'DP və TP'!$AD:$AD,"<=2") -> 1 | G11: =COUNTIFS('DP və TP'!$B:$B,B11, 'DP və TP'!$Y:$Y,"Gecikmə",'DP və TP'!$AD:$AD,"<=2") -> 0 | H11: =COUNTIFS('DP və TP'!$B:$B,B11, 'DP və TP'!$Y:$Y,"İcra olunmayıb",'DP və TP'!$AD:$AD,"<=2") -> 1 | I11: =COUNTIFS('DP və TP'!$B:$B,B11, 'DP və TP'!$Y:$Y,"İcra olunmayıb, prioritet deyil",'DP və TP'!$AD:$AD,"<=2") -> 3 | J11: =COUNTIFS('DP və TP'!$B:$B,B11, 'DP və TP'!$K:$K,"Tapşırıqların İcrasına Nəzarət platforması üzrə", 'DP və TP'!$Y:$Y,"Tam icra",'DP və TP'!$AD:$AD,"<=2") -> 2 | K11: =COUNTIFS('DP və TP'!$B:$B,B11, 'DP və TP'!$K:$K,"Tapşırıqların İcrasına Nəzarət platforması üzrə", 'DP və TP'!$Y:$Y,"Qismən icra",'DP və TP'!$AD:$AD,"<=2") -> 0 | L11: =COUNTIFS('DP və TP'!$B:$B,B11, 'DP və TP'!$K:$K,"Tapşırıqların İcrasına Nəzarət platforması üzrə", 'DP və TP'!$Y:$Y,"İcra müddətinə var",'DP və TP'!$AD:$AD,"<=2") -> 0 | M11: =COUNTIFS('DP və TP'!$B:$B,B11, 'DP və TP'!$K:$K,"Tapşırıqların İcrasına Nəzarət platforması üzrə", 'DP və TP'!$Y:$Y,"Gecikmə",'DP və TP'!$AD:$AD,"<=2") -> 0 | N11: =COUNTIFS('DP və TP'!$B:$B,B11, 'DP və TP'!$K:$K,"Tapşırıqların İcrasına Nəzarət platforması üzrə", 'DP və TP'!$Y:$Y,"İcra olunmayıb",'DP və TP'!$AD:$AD,"<=2") -> 0 | O11: =COUNTIFS('DP və TP'!$B:$B,B11, 'DP və TP'!$K:$K,"Tapşırıqların İcrasına Nəzarət platforması üzrə", 'DP və TP'!$Y:$Y,"İcra olunmayıb, prioritet deyil",'DP və TP'!$AD:$AD,"<=2") -> 0 | P11: =SUM(J11:O11) -> 2
A12: 2 | B12: Respublikada mədəni irsin qorunması üzrə 2025–2030-ci illər üçün Milli Fəaliyyət Planı | C12: =COUNTIFS('DP və TP'!$B:$B,B12,'DP və TP'!$AD:$AD,"<=2") -> 5 | D12: =COUNTIFS('DP və TP'!$B:$B,B12,'DP və TP'!$Y:$Y,"Tam icra",'DP və TP'!$AD:$AD,"<=2") -> 0 | E12: =COUNTIFS('DP və TP'!$B:$B,B12, 'DP və TP'!$Y:$Y,"Qismən icra",'DP və TP'!$AD:$AD,"<=2") -> 1 | F12: =COUNTIFS('DP və TP'!$B:$B,B12, 'DP və TP'!$Y:$Y,"İcra müddətinə var",'DP və TP'!$AD:$AD,"<=2") -> 3 | G12: =COUNTIFS('DP və TP'!$B:$B,B12, 'DP və TP'!$Y:$Y,"Gecikmə",'DP və TP'!$AD:$AD,"<=2") -> 0 | H12: =COUNTIFS('DP və TP'!$B:$B,B12, 'DP və TP'!$Y:$Y,"İcra olunmayıb",'DP və TP'!$AD:$AD,"<=2") -> 0 | I12: =COUNTIFS('DP və TP'!$B:$B,B12, 'DP və TP'!$Y:$Y,"İcra olunmayıb, prioritet deyil",'DP və TP'!$AD:$AD,"<=2") -> 1 | J12: =COUNTIFS('DP və TP'!$B:$B,B12, 'DP və TP'!$K:$K,"Tapşırıqların İcrasına Nəzarət platforması üzrə", 'DP və TP'!$Y:$Y,"Tam icra",'DP və TP'!$AD:$AD,"<=2") -> 0 | K12: =COUNTIFS('DP və TP'!$B:$B,B12, 'DP və TP'!$K:$K,"Tapşırıqların İcrasına Nəzarət platforması üzrə", 'DP və TP'!$Y:$Y,"Qismən icra",'DP və TP'!$AD:$AD,"<=2") -> 1 | L12: =COUNTIFS('DP və TP'!$B:$B,B12, 'DP və TP'!$K:$K,"Tapşırıqların İcrasına Nəzarət platforması üzrə", 'DP və TP'!$Y:$Y,"İcra müddətinə var",'DP və TP'!$AD:$AD,"<=2") -> 1 | M12: =COUNTIFS('DP və TP'!$B:$B,B12, 'DP və TP'!$K:$K,"Tapşırıqların İcrasına Nəzarət platforması üzrə", 'DP və TP'!$Y:$Y,"Gecikmə",'DP və TP'!$AD:$AD,"<=2") -> 0 | N12: =COUNTIFS('DP və TP'!$B:$B,B12, 'DP və TP'!$K:$K,"Tapşırıqların İcrasına Nəzarət platforması üzrə", 'DP və TP'!$Y:$Y,"İcra olunmayıb",'DP və TP'!$AD:$AD,"<=2") -> 0 | O12: =COUNTIFS('DP və TP'!$B:$B,B12, 'DP və TP'!$K:$K,"Tapşırıqların İcrasına Nəzarət platforması üzrə", 'DP və TP'!$Y:$Y,"İcra olunmayıb, prioritet deyil",'DP və TP'!$AD:$AD,"<=2") -> 0 | P12: =SUM(J12:O12) -> 2
A13: 3 | B13: “Respublikada sağlam həyat tərzinin təbliği üzrə 2022–2026-ci illər üçün Milli Fəaliyyət Planı” | C13: =COUNTIFS('DP və TP'!$B:$B,B13,'DP və TP'!$AD:$AD,"<=2") -> 1 | D13: =COUNTIFS('DP və TP'!$B:$B,B13,'DP və TP'!$Y:$Y,"Tam icra",'DP və TP'!$AD:$AD,"<=2") -> 0 | E13: =COUNTIFS('DP və TP'!$B:$B,B13, 'DP və TP'!$Y:$Y,"Qismən icra",'DP və TP'!$AD:$AD,"<=2") -> 0 | F13: =COUNTIFS('DP və TP'!$B:$B,B13, 'DP və TP'!$Y:$Y,"İcra müddətinə var",'DP və TP'!$AD:$AD,"<=2") -> 0 | G13: =COUNTIFS('DP və TP'!$B:$B,B13, 'DP və TP'!$Y:$Y,"Gecikmə",'DP və TP'!$AD:$AD,"<=2") -> 0 | H13: =COUNTIFS('DP və TP'!$B:$B,B13, 'DP və TP'!$Y:$Y,"İcra olunmayıb",'DP və TP'!$AD:$AD,"<=2") -> 0 | I13: =COUNTIFS('DP və TP'!$B:$B,B13, 'DP və TP'!$Y:$Y,"İcra olunmayıb, prioritet deyil",'DP və TP'!$AD:$AD,"<=2") -> 1 | J13: =COUNTIFS('DP və TP'!$B:$B,B13, 'DP və TP'!$K:$K,"Tapşırıqların İcrasına Nəzarət platforması üzrə", 'DP və TP'!$Y:$Y,"Tam icra",'DP və TP'!$AD:$AD,"<=2") -> 0 | K13: =COUNTIFS('DP və TP'!$B:$B,B13, 'DP və TP'!$K:$K,"Tapşırıqların İcrasına Nəzarət platforması üzrə", 'DP və TP'!$Y:$Y,"Qismən icra",'DP və TP'!$AD:$AD,"<=2") -> 0 | L13: =COUNTIFS('DP və TP'!$B:$B,B13, 'DP və TP'!$K:$K,"Tapşırıqların İcrasına Nəzarət platforması üzrə", 'DP və TP'!$Y:$Y,"İcra müddətinə var",'DP və TP'!$AD:$AD,"<=2") -> 0 | M13: =COUNTIFS('DP və TP'!$B:$B,B13, 'DP və TP'!$K:$K,"Tapşırıqların İcrasına Nəzarət platforması üzrə", 'DP və TP'!$Y:$Y,"Gecikmə",'DP və TP'!$AD:$AD,"<=2") -> 0 | N13: =COUNTIFS('DP və TP'!$B:$B,B13, 'DP və TP'!$K:$K,"Tapşırıqların İcrasına Nəzarət platforması üzrə", 'DP və TP'!$Y:$Y,"İcra olunmayıb",'DP və TP'!$AD:$AD,"<=2") -> 0 | O13: =COUNTIFS('DP və TP'!$B:$B,B13, 'DP və TP'!$K:$K,"Tapşırıqların İcrasına Nəzarət platforması üzrə", 'DP və TP'!$Y:$Y,"İcra olunmayıb, prioritet deyil",'DP və TP'!$AD:$AD,"<=2") -> 1 | P13: =SUM(J13:O13) -> 1
A14: 4 | B14: Respublikada təhsilə çıxışın genişləndirilməsi üzrə 2024–2029-ci illər üçün Strategiyanın həyata keçirilməsi üzrə Tədbirlər Planı | C14: =COUNTIFS('DP və TP'!$B:$B,B14,'DP və TP'!$AD:$AD,"<=2") -> 7 | D14: =COUNTIFS('DP və TP'!$B:$B,B14,'DP və TP'!$Y:$Y,"Tam icra",'DP və TP'!$AD:$AD,"<=2") -> 2 | E14: =COUNTIFS('DP və TP'!$B:$B,B14, 'DP və TP'!$Y:$Y,"Qismən icra",'DP və TP'!$AD:$AD,"<=2") -> 0 | F14: =COUNTIFS('DP və TP'!$B:$B,B14, 'DP və TP'!$Y:$Y,"İcra müddətinə var",'DP və TP'!$AD:$AD,"<=2") -> 4 | G14: =COUNTIFS('DP və TP'!$B:$B,B14, 'DP və TP'!$Y:$Y,"Gecikmə",'DP və TP'!$AD:$AD,"<=2") -> 0 | H14: =COUNTIFS('DP və TP'!$B:$B,B14, 'DP və TP'!$Y:$Y,"İcra olunmayıb",'DP və TP'!$AD:$AD,"<=2") -> 0 | I14: =COUNTIFS('DP və TP'!$B:$B,B14, 'DP və TP'!$Y:$Y,"İcra olunmayıb, prioritet deyil",'DP və TP'!$AD:$AD,"<=2") -> 1 | J14: =COUNTIFS('DP və TP'!$B:$B,B14, 'DP və TP'!$K:$K,"Tapşırıqların İcrasına Nəzarət platforması üzrə", 'DP və TP'!$Y:$Y,"Tam icra",'DP və TP'!$AD:$AD,"<=2") -> 0 | K14: =COUNTIFS('DP və TP'!$B:$B,B14, 'DP və TP'!$K:$K,"Tapşırıqların İcrasına Nəzarət platforması üzrə", 'DP və TP'!$Y:$Y,"Qismən icra",'DP və TP'!$AD:$AD,"<=2") -> 0 | L14: =COUNTIFS('DP və TP'!$B:$B,B14, 'DP və TP'!$K:$K,"Tapşırıqların İcrasına Nəzarət platforması üzrə", 'DP və TP'!$Y:$Y,"İcra müddətinə var",'DP və TP'!$AD:$AD,"<=2") -> 0 | M14: =COUNTIFS('DP və TP'!$B:$B,B14, 'DP və TP'!$K:$K,"Tapşırıqların İcrasına Nəzarət platforması üzrə", 'DP və TP'!$Y:$Y,"Gecikmə",'DP və TP'!$AD:$AD,"<=2") -> 0 | N14: =COUNTIFS('DP və TP'!$B:$B,B14, 'DP və TP'!$K:$K,"Tapşırıqların İcrasına Nəzarət platforması üzrə", 'DP və TP'!$Y:$Y,"İcra olunmayıb",'DP və TP'!$AD:$AD,"<=2") -> 0 | O14: =COUNTIFS('DP və TP'!$B:$B,B14, 'DP və TP'!$K:$K,"Tapşırıqların İcrasına Nəzarət platforması üzrə", 'DP və TP'!$Y:$Y,"İcra olunmayıb, prioritet deyil",'DP və TP'!$AD:$AD,"<=2") -> 0 | P14: =SUM(J14:O14) -> 0
A15: 5 | B15: “Respublikada yaşlı vətəndaşların sosial dəstəyi üzrə 2023–2025-ci illər üçün Konsepsiyanın icrası üzrə Fəaliyyət Planı” | C15: =COUNTIFS('DP və TP'!$B:$B,B15,'DP və TP'!$AD:$AD,"<=2") -> 2 | D15: =COUNTIFS('DP və TP'!$B:$B,B15,'DP və TP'!$Y:$Y,"Tam icra",'DP və TP'!$AD:$AD,"<=2") -> 2 | E15: =COUNTIFS('DP və TP'!$B:$B,B15, 'DP və TP'!$Y:$Y,"Qismən icra",'DP və TP'!$AD:$AD,"<=2") -> 0 | F15: =COUNTIFS('DP və TP'!$B:$B,B15, 'DP və TP'!$Y:$Y,"İcra müddətinə var",'DP və TP'!$AD:$AD,"<=2") -> 0 | G15: =COUNTIFS('DP və TP'!$B:$B,B15, 'DP və TP'!$Y:$Y,"Gecikmə",'DP və TP'!$AD:$AD,"<=2") -> 0 | H15: =COUNTIFS('DP və TP'!$B:$B,B15, 'DP və TP'!$Y:$Y,"İcra olunmayıb",'DP və TP'!$AD:$AD,"<=2") -> 0 | I15: =COUNTIFS('DP və TP'!$B:$B,B15, 'DP və TP'!$Y:$Y,"İcra olunmayıb, prioritet deyil",'DP və TP'!$AD:$AD,"<=2") -> 0 | J15: =COUNTIFS('DP və TP'!$B:$B,B15, 'DP və TP'!$K:$K,"Tapşırıqların İcrasına Nəzarət platforması üzrə", 'DP və TP'!$Y:$Y,"Tam icra",'DP və TP'!$AD:$AD,"<=2") -> 1 | K15: =COUNTIFS('DP və TP'!$B:$B,B15, 'DP və TP'!$K:$K,"Tapşırıqların İcrasına Nəzarət platforması üzrə", 'DP və TP'!$Y:$Y,"Qismən icra",'DP və TP'!$AD:$AD,"<=2") -> 0 | L15: =COUNTIFS('DP və TP'!$B:$B,B15, 'DP və TP'!$K:$K,"Tapşırıqların İcrasına Nəzarət platforması üzrə", 'DP və TP'!$Y:$Y,"İcra müddətinə var",'DP və TP'!$AD:$AD,"<=2") -> 0 | M15: =COUNTIFS('DP və TP'!$B:$B,B15, 'DP və TP'!$K:$K,"Tapşırıqların İcrasına Nəzarət platforması üzrə", 'DP və TP'!$Y:$Y,"Gecikmə",'DP və TP'!$AD:$AD,"<=2") -> 0 | N15: =COUNTIFS('DP və TP'!$B:$B,B15, 'DP və TP'!$K:$K,"Tapşırıqların İcrasına Nəzarət platforması üzrə", 'DP və TP'!$Y:$Y,"İcra olunmayıb",'DP və TP'!$AD:$AD,"<=2") -> 0 | O15: =COUNTIFS('DP və TP'!$B:$B,B15, 'DP və TP'!$K:$K,"Tapşırıqların İcrasına Nəzarət platforması üzrə", 'DP və TP'!$Y:$Y,"İcra olunmayıb, prioritet deyil",'DP və TP'!$AD:$AD,"<=2") -> 0 | P15: =SUM(J15:O15) -> 1
A16: 6 | B16: Respublikada məlumat təhlükəsizliyinin gücləndirilməsi üzrə 2025–2027-ci illər üçün Dövlət Proqramı | C16: =COUNTIFS('DP və TP'!$B:$B,B16,'DP və TP'!$AD:$AD,"<=2") -> 5 | D16: =COUNTIFS('DP və TP'!$B:$B,B16,'DP və TP'!$Y:$Y,"Tam icra",'DP və TP'!$AD:$AD,"<=2") -> 0 | E16: =COUNTIFS('DP və TP'!$B:$B,B16, 'DP və TP'!$Y:$Y,"Qismən icra",'DP və TP'!$AD:$AD,"<=2") -> 0 | F16: =COUNTIFS('DP və TP'!$B:$B,B16, 'DP və TP'!$Y:$Y,"İcra müddətinə var",'DP və TP'!$AD:$AD,"<=2") -> 4 | G16: =COUNTIFS('DP və TP'!$B:$B,B16, 'DP və TP'!$Y:$Y,"Gecikmə",'DP və TP'!$AD:$AD,"<=2") -> 1 | H16: =COUNTIFS('DP və TP'!$B:$B,B16, 'DP və TP'!$Y:$Y,"İcra olunmayıb",'DP və TP'!$AD:$AD,"<=2") -> 0 | I16: =COUNTIFS('DP və TP'!$B:$B,B16, 'DP və TP'!$Y:$Y,"İcra olunmayıb, prioritet deyil",'DP və TP'!$AD:$AD,"<=2") -> 0 | J16: =COUNTIFS('DP və TP'!$B:$B,B16, 'DP və TP'!$K:$K,"Tapşırıqların İcrasına Nəzarət platforması üzrə", 'DP və TP'!$Y:$Y,"Tam icra",'DP və TP'!$AD:$AD,"<=2") -> 0 | K16: =COUNTIFS('DP və TP'!$B:$B,B16, 'DP və TP'!$K:$K,"Tapşırıqların İcrasına Nəzarət platforması üzrə", 'DP və TP'!$Y:$Y,"Qismən icra",'DP və TP'!$AD:$AD,"<=2") -> 0 | L16: =COUNTIFS('DP və TP'!$B:$B,B16, 'DP və TP'!$K:$K,"Tapşırıqların İcrasına Nəzarət platforması üzrə", 'DP və TP'!$Y:$Y,"İcra müddətinə var",'DP və TP'!$AD:$AD,"<=2") -> 0 | M16: =COUNTIFS('DP və TP'!$B:$B,B16, 'DP və TP'!$K:$K,"Tapşırıqların İcrasına Nəzarət platforması üzrə", 'DP və TP'!$Y:$Y,"Gecikmə",'DP və TP'!$AD:$AD,"<=2") -> 0 | N16: =COUNTIFS('DP və TP'!$B:$B,B16, 'DP və TP'!$K:$K,"Tapşırıqların İcrasına Nəzarət platforması üzrə", 'DP və TP'!$Y:$Y,"İcra olunmayıb",'DP və TP'!$AD:$AD,"<=2") -> 0 | O16: =COUNTIFS('DP və TP'!$B:$B,B16, 'DP və TP'!$K:$K,"Tapşırıqların İcrasına Nəzarət platforması üzrə", 'DP və TP'!$Y:$Y,"İcra olunmayıb, prioritet deyil",'DP və TP'!$AD:$AD,"<=2") -> 0 | P16: =SUM(J16:O16) -> 0
A17: 7 | B17: Respublikada gender bərabərliyinin təmin olunması üzrə 2023–2027-ci illər üçün Dövlət Proqramı | C17: =COUNTIFS('DP və TP'!$B:$B,B17,'DP və TP'!$AD:$AD,"<=2") -> 6 | D17: =COUNTIFS('DP və TP'!$B:$B,B17,'DP və TP'!$Y:$Y,"Tam icra",'DP və TP'!$AD:$AD,"<=2") -> 1 | E17: =COUNTIFS('DP və TP'!$B:$B,B17, 'DP və TP'!$Y:$Y,"Qismən icra",'DP və TP'!$AD:$AD,"<=2") -> 1 | F17: =COUNTIFS('DP və TP'!$B:$B,B17, 'DP və TP'!$Y:$Y,"İcra müddətinə var",'DP və TP'!$AD:$AD,"<=2") -> 3 | G17: =COUNTIFS('DP və TP'!$B:$B,B17, 'DP və TP'!$Y:$Y,"Gecikmə",'DP və TP'!$AD:$AD,"<=2") -> 0 | H17: =COUNTIFS('DP və TP'!$B:$B,B17, 'DP və TP'!$Y:$Y,"İcra olunmayıb",'DP və TP'!$AD:$AD,"<=2") -> 0 | I17: =COUNTIFS('DP və TP'!$B:$B,B17, 'DP və TP'!$Y:$Y,"İcra olunmayıb, prioritet deyil",'DP və TP'!$AD:$AD,"<=2") -> 1 | J17: =COUNTIFS('DP və TP'!$B:$B,B17, 'DP və TP'!$K:$K,"Tapşırıqların İcrasına Nəzarət platforması üzrə", 'DP və TP'!$Y:$Y,"Tam icra",'DP və TP'!$AD:$AD,"<=2") -> 1 | K17: =COUNTIFS('DP və TP'!$B:$B,B17, 'DP və TP'!$K:$K,"Tapşırıqların İcrasına Nəzarət platforması üzrə", 'DP və TP'!$Y:$Y,"Qismən icra",'DP və TP'!$AD:$AD,"<=2") -> 1 | L17: =COUNTIFS('DP və TP'!$B:$B,B17, 'DP və TP'!$K:$K,"Tapşırıqların İcrasına Nəzarət platforması üzrə", 'DP və TP'!$Y:$Y,"İcra müddətinə var",'DP və TP'!$AD:$AD,"<=2") -> 2 | M17: =COUNTIFS('DP və TP'!$B:$B,B17, 'DP və TP'!$K:$K,"Tapşırıqların İcrasına Nəzarət platforması üzrə", 'DP və TP'!$Y:$Y,"Gecikmə",'DP və TP'!$AD:$AD,"<=2") -> 0 | N17: =COUNTIFS('DP və TP'!$B:$B,B17, 'DP və TP'!$K:$K,"Tapşırıqların İcrasına Nəzarət platforması üzrə", 'DP və TP'!$Y:$Y,"İcra olunmayıb",'DP və TP'!$AD:$AD,"<=2") -> 0 | O17: =COUNTIFS('DP və TP'!$B:$B,B17, 'DP və TP'!$K:$K,"Tapşırıqların İcrasına Nəzarət platforması üzrə", 'DP və TP'!$Y:$Y,"İcra olunmayıb, prioritet deyil",'DP və TP'!$AD:$AD,"<=2") -> 1 | P17: =SUM(J17:O17) -> 5
A18: 8 | B18: Respublikada icma əsaslı xidmətlərin inkişafı üzrə 2023–2026-ci illər üçün Konsepsiyanın icrası üzrə Fəaliyyət Planı | C18: =COUNTIFS('DP və TP'!$B:$B,B18,'DP və TP'!$AD:$AD,"<=2") -> 1 | D18: =COUNTIFS('DP və TP'!$B:$B,B18,'DP və TP'!$Y:$Y,"Tam icra",'DP və TP'!$AD:$AD,"<=2") -> 1 | E18: =COUNTIFS('DP və TP'!$B:$B,B18, 'DP və TP'!$Y:$Y,"Qismən icra",'DP və TP'!$AD:$AD,"<=2") -> 0 | F18: =COUNTIFS('DP və TP'!$B:$B,B18, 'DP və TP'!$Y:$Y,"İcra müddətinə var",'DP və TP'!$AD:$AD,"<=2") -> 0 | G18: =COUNTIFS('DP və TP'!$B:$B,B18, 'DP və TP'!$Y:$Y,"Gecikmə",'DP və TP'!$AD:$AD,"<=2") -> 0 | H18: =COUNTIFS('DP və TP'!$B:$B,B18, 'DP və TP'!$Y:$Y,"İcra olunmayıb",'DP və TP'!$AD:$AD,"<=2") -> 0 | I18: =COUNTIFS('DP və TP'!$B:$B,B18, 'DP və TP'!$Y:$Y,"İcra olunmayıb, prioritet deyil",'DP və TP'!$AD:$AD,"<=2") -> 0 | J18: =COUNTIFS('DP və TP'!$B:$B,B18, 'DP və TP'!$K:$K,"Tapşırıqların İcrasına Nəzarət platforması üzrə", 'DP və TP'!$Y:$Y,"Tam icra",'DP və TP'!$AD:$AD,"<=2") -> 0 | K18: =COUNTIFS('DP və TP'!$B:$B,B18, 'DP və TP'!$K:$K,"Tapşırıqların İcrasına Nəzarət platforması üzrə", 'DP və TP'!$Y:$Y,"Qismən icra",'DP və TP'!$AD:$AD,"<=2") -> 0 | L18: =COUNTIFS('DP və TP'!$B:$B,B18, 'DP və TP'!$K:$K,"Tapşırıqların İcrasına Nəzarət platforması üzrə", 'DP və TP'!$Y:$Y,"İcra müddətinə var",'DP və TP'!$AD:$AD,"<=2") -> 0 | M18: =COUNTIFS('DP və TP'!$B:$B,B18, 'DP və TP'!$K:$K,"Tapşırıqların İcrasına Nəzarət platforması üzrə", 'DP və TP'!$Y:$Y,"Gecikmə",'DP və TP'!$AD:$AD,"<=2") -> 0 | N18: =COUNTIFS('DP və TP'!$B:$B,B18, 'DP və TP'!$K:$K,"Tapşırıqların İcrasına Nəzarət platforması üzrə", 'DP və TP'!$Y:$Y,"İcra olunmayıb",'DP və TP'!$AD:$AD,"<=2") -> 0 | O18: =COUNTIFS('DP və TP'!$B:$B,B18, 'DP və TP'!$K:$K,"Tapşırıqların İcrasına Nəzarət platforması üzrə", 'DP və TP'!$Y:$Y,"İcra olunmayıb, prioritet deyil",'DP və TP'!$AD:$AD,"<=2") -> 0 | P18: =SUM(J18:O18) -> 0
A19: 9 | B19: Respublikada inklüziv mühitin yaradılması üzrə 2025–2030-ci illər üçün Konsepsiyanın icrası üzrə Fəaliyyət Planı | C19: =COUNTIFS('DP və TP'!$B:$B,B19,'DP və TP'!$AD:$AD,"<=2") -> 3 | D19: =COUNTIFS('DP və TP'!$B:$B,B19,'DP və TP'!$Y:$Y,"Tam icra",'DP və TP'!$AD:$AD,"<=2") -> 0 | E19: =COUNTIFS('DP və TP'!$B:$B,B19, 'DP və TP'!$Y:$Y,"Qismən icra",'DP və TP'!$AD:$AD,"<=2") -> 1 | F19: =COUNTIFS('DP və TP'!$B:$B,B19, 'DP və TP'!$Y:$Y,"İcra müddətinə var",'DP və TP'!$AD:$AD,"<=2") -> 0 | G19: =COUNTIFS('DP və TP'!$B:$B,B19, 'DP və TP'!$Y:$Y,"Gecikmə",'DP və TP'!$AD:$AD,"<=2") -> 1 | H19: =COUNTIFS('DP və TP'!$B:$B,B19, 'DP və TP'!$Y:$Y,"İcra olunmayıb",'DP və TP'!$AD:$AD,"<=2") -> 0 | I19: =COUNTIFS('DP və TP'!$B:$B,B19, 'DP və TP'!$Y:$Y,"İcra olunmayıb, prioritet deyil",'DP və TP'!$AD:$AD,"<=2") -> 1 | J19: =COUNTIFS('DP və TP'!$B:$B,B19, 'DP və TP'!$K:$K,"Tapşırıqların İcrasına Nəzarət platforması üzrə", 'DP və TP'!$Y:$Y,"Tam icra",'DP və TP'!$AD:$AD,"<=2") -> 0 | K19: =COUNTIFS('DP və TP'!$B:$B,B19, 'DP və TP'!$K:$K,"Tapşırıqların İcrasına Nəzarət platforması üzrə", 'DP və TP'!$Y:$Y,"Qismən icra",'DP və TP'!$AD:$AD,"<=2") -> 1 | L19: =COUNTIFS('DP və TP'!$B:$B,B19, 'DP və TP'!$K:$K,"Tapşırıqların İcrasına Nəzarət platforması üzrə", 'DP və TP'!$Y:$Y,"İcra müddətinə var",'DP və TP'!$AD:$AD,"<=2") -> 0 | M19: =COUNTIFS('DP və TP'!$B:$B,B19, 'DP və TP'!$K:$K,"Tapşırıqların İcrasına Nəzarət platforması üzrə", 'DP və TP'!$Y:$Y,"Gecikmə",'DP və TP'!$AD:$AD,"<=2") -> 1 | N19: =COUNTIFS('DP və TP'!$B:$B,B19, 'DP və TP'!$K:$K,"Tapşırıqların İcrasına Nəzarət platforması üzrə", 'DP və TP'!$Y:$Y,"İcra olunmayıb",'DP və TP'!$AD:$AD,"<=2") -> 0 | O19: =COUNTIFS('DP və TP'!$B:$B,B19, 'DP və TP'!$K:$K,"Tapşırıqların İcrasına Nəzarət platforması üzrə", 'DP və TP'!$Y:$Y,"İcra olunmayıb, prioritet deyil",'DP və TP'!$AD:$AD,"<=2") -> 0 | P19: =SUM(J19:O19) -> 2
A20: 10 | B20: Respublikada peşə hazırlığının təkmilləşdirilməsi üzrə 2019–2021-ci illər üçün Milli Fəaliyyət Planı | C20: =COUNTIFS('DP və TP'!$B:$B,B20,'DP və TP'!$AD:$AD,"<=2") -> 6 | D20: =COUNTIFS('DP və TP'!$B:$B,B20,'DP və TP'!$Y:$Y,"Tam icra",'DP və TP'!$AD:$AD,"<=2") -> 2 | E20: =COUNTIFS('DP və TP'!$B:$B,B20, 'DP və TP'!$Y:$Y,"Qismən icra",'DP və TP'!$AD:$AD,"<=2") -> 0 | F20: =COUNTIFS('DP və TP'!$B:$B,B20, 'DP və TP'!$Y:$Y,"İcra müddətinə var",'DP və TP'!$AD:$AD,"<=2") -> 3 | G20: =COUNTIFS('DP və TP'!$B:$B,B20, 'DP və TP'!$Y:$Y,"Gecikmə",'DP və TP'!$AD:$AD,"<=2") -> 1 | H20: =COUNTIFS('DP və TP'!$B:$B,B20, 'DP və TP'!$Y:$Y,"İcra olunmayıb",'DP və TP'!$AD:$AD,"<=2") -> 0 | I20: =COUNTIFS('DP və TP'!$B:$B,B20, 'DP və TP'!$Y:$Y,"İcra olunmayıb, prioritet deyil",'DP və TP'!$AD:$AD,"<=2") -> 0 | J20: =COUNTIFS('DP və TP'!$B:$B,B20, 'DP və TP'!$K:$K,"Tapşırıqların İcrasına Nəzarət platforması üzrə", 'DP və TP'!$Y:$Y,"Tam icra",'DP və TP'!$AD:$AD,"<=2") -> 0 | K20: =COUNTIFS('DP və TP'!$B:$B,B20, 'DP və TP'!$K:$K,"Tapşırıqların İcrasına Nəzarət platforması üzrə", 'DP və TP'!$Y:$Y,"Qismən icra",'DP və TP'!$AD:$AD,"<=2") -> 0 | L20: =COUNTIFS('DP və TP'!$B:$B,B20, 'DP və TP'!$K:$K,"Tapşırıqların İcrasına Nəzarət platforması üzrə", 'DP və TP'!$Y:$Y,"İcra müddətinə var",'DP və TP'!$AD:$AD,"<=2") -> 2 | M20: =COUNTIFS('DP və TP'!$B:$B,B20, 'DP və TP'!$K:$K,"Tapşırıqların İcrasına Nəzarət platforması üzrə", 'DP və TP'!$Y:$Y,"Gecikmə",'DP və TP'!$AD:$AD,"<=2") -> 1 | N20: =COUNTIFS('DP və TP'!$B:$B,B20, 'DP və TP'!$K:$K,"Tapşırıqların İcrasına Nəzarət platforması üzrə", 'DP və TP'!$Y:$Y,"İcra olunmayıb",'DP və TP'!$AD:$AD,"<=2") -> 0 | O20: =COUNTIFS('DP və TP'!$B:$B,B20, 'DP və TP'!$K:$K,"Tapşırıqların İcrasına Nəzarət platforması üzrə", 'DP və TP'!$Y:$Y,"İcra olunmayıb, prioritet deyil",'DP və TP'!$AD:$AD,"<=2") -> 0 | P20: =SUM(J20:O20) -> 3
A21: 11 | B21: “Respublikada kənd yerlərində xidmətlərin əlçatanlığı üzrə 2025–2027-ci illər üçün Dövlət Proqramı” | C21: =COUNTIFS('DP və TP'!$B:$B,B21,'DP və TP'!$AD:$AD,"<=2") -> 3 | D21: =COUNTIFS('DP və TP'!$B:$B,B21,'DP və TP'!$Y:$Y,"Tam icra",'DP və TP'!$AD:$AD,"<=2") -> 2 | E21: =COUNTIFS('DP və TP'!$B:$B,B21, 'DP və TP'!$Y:$Y,"Qismən icra",'DP və TP'!$AD:$AD,"<=2") -> 0 | F21: =COUNTIFS('DP və TP'!$B:$B,B21, 'DP və TP'!$Y:$Y,"İcra müddətinə var",'DP və TP'!$AD:$AD,"<=2") -> 0 | G21: =COUNTIFS('DP və TP'!$B:$B,B21, 'DP və TP'!$Y:$Y,"Gecikmə",'DP və TP'!$AD:$AD,"<=2") -> 0 | H21: =COUNTIFS('DP və TP'!$B:$B,B21, 'DP və TP'!$Y:$Y,"İcra olunmayıb",'DP və TP'!$AD:$AD,"<=2") -> 0 | I21: =COUNTIFS('DP və TP'!$B:$B,B21, 'DP və TP'!$Y:$Y,"İcra olunmayıb, prioritet deyil",'DP və TP'!$AD:$AD,"<=2") -> 1 | J21: =COUNTIFS('DP və TP'!$B:$B,B21, 'DP və TP'!$K:$K,"Tapşırıqların İcrasına Nəzarət platforması üzrə", 'DP və TP'!$Y:$Y,"Tam icra",'DP və TP'!$AD:$AD,"<=2") -> 0 | K21: =COUNTIFS('DP və TP'!$B:$B,B21, 'DP və TP'!$K:$K,"Tapşırıqların İcrasına Nəzarət platforması üzrə", 'DP və TP'!$Y:$Y,"Qismən icra",'DP və TP'!$AD:$AD,"<=2") -> 0 | L21: =COUNTIFS('DP və TP'!$B:$B,B21, 'DP və TP'!$K:$K,"Tapşırıqların İcrasına Nəzarət platforması üzrə", 'DP və TP'!$Y:$Y,"İcra müddətinə var",'DP və TP'!$AD:$AD,"<=2") -> 0 | M21: =COUNTIFS('DP və TP'!$B:$B,B21, 'DP və TP'!$K:$K,"Tapşırıqların İcrasına Nəzarət platforması üzrə", 'DP və TP'!$Y:$Y,"Gecikmə",'DP və TP'!$AD:$AD,"<=2") -> 0 | N21: =COUNTIFS('DP və TP'!$B:$B,B21, 'DP və TP'!$K:$K,"Tapşırıqların İcrasına Nəzarət platforması üzrə", 'DP və TP'!$Y:$Y,"İcra olunmayıb",'DP və TP'!$AD:$AD,"<=2") -> 0 | O21: =COUNTIFS('DP və TP'!$B:$B,B21, 'DP və TP'!$K:$K,"Tapşırıqların İcrasına Nəzarət platforması üzrə", 'DP və TP'!$Y:$Y,"İcra olunmayıb, prioritet deyil",'DP və TP'!$AD:$AD,"<=2") -> 0 | P21: =SUM(J21:O21) -> 0
A22: 12 | B22: Respublikada ictimai təhlükəsizliyin təmin edilməsi üzrə 2023–2027-ci illər üçün Tədbirlər Proqramı | C22: =COUNTIFS('DP və TP'!$B:$B,B22,'DP və TP'!$AD:$AD,"<=2") -> 4 | D22: =COUNTIFS('DP və TP'!$B:$B,B22,'DP və TP'!$Y:$Y,"Tam icra",'DP və TP'!$AD:$AD,"<=2") -> 0 | E22: =COUNTIFS('DP və TP'!$B:$B,B22, 'DP və TP'!$Y:$Y,"Qismən icra",'DP və TP'!$AD:$AD,"<=2") -> 0 | F22: =COUNTIFS('DP və TP'!$B:$B,B22, 'DP və TP'!$Y:$Y,"İcra müddətinə var",'DP və TP'!$AD:$AD,"<=2") -> 1 | G22: =COUNTIFS('DP və TP'!$B:$B,B22, 'DP və TP'!$Y:$Y,"Gecikmə",'DP və TP'!$AD:$AD,"<=2") -> 0 | H22: =COUNTIFS('DP və TP'!$B:$B,B22, 'DP və TP'!$Y:$Y,"İcra olunmayıb",'DP və TP'!$AD:$AD,"<=2") -> 0 | I22: =COUNTIFS('DP və TP'!$B:$B,B22, 'DP və TP'!$Y:$Y,"İcra olunmayıb, prioritet deyil",'DP və TP'!$AD:$AD,"<=2") -> 3 | J22: =COUNTIFS('DP və TP'!$B:$B,B22, 'DP və TP'!$K:$K,"Tapşırıqların İcrasına Nəzarət platforması üzrə", 'DP və TP'!$Y:$Y,"Tam icra",'DP və TP'!$AD:$AD,"<=2") -> 0 | K22: =COUNTIFS('DP və TP'!$B:$B,B22, 'DP və TP'!$K:$K,"Tapşırıqların İcrasına Nəzarət platforması üzrə", 'DP və TP'!$Y:$Y,"Qismən icra",'DP və TP'!$AD:$AD,"<=2") -> 0 | L22: =COUNTIFS('DP və TP'!$B:$B,B22, 'DP və TP'!$K:$K,"Tapşırıqların İcrasına Nəzarət platforması üzrə", 'DP və TP'!$Y:$Y,"İcra müddətinə var",'DP və TP'!$AD:$AD,"<=2") -> 0 | M22: =COUNTIFS('DP və TP'!$B:$B,B22, 'DP və TP'!$K:$K,"Tapşırıqların İcrasına Nəzarət platforması üzrə", 'DP və TP'!$Y:$Y,"Gecikmə",'DP və TP'!$AD:$AD,"<=2") -> 0 | N22: =COUNTIFS('DP və TP'!$B:$B,B22, 'DP və TP'!$K:$K,"Tapşırıqların İcrasına Nəzarət platforması üzrə", 'DP və TP'!$Y:$Y,"İcra olunmayıb",'DP və TP'!$AD:$AD,"<=2") -> 0 | O22: =COUNTIFS('DP və TP'!$B:$B,B22, 'DP və TP'!$K:$K,"Tapşırıqların İcrasına Nəzarət platforması üzrə", 'DP və TP'!$Y:$Y,"İcra olunmayıb, prioritet deyil",'DP və TP'!$AD:$AD,"<=2") -> 0 | P22: =SUM(J22:O22) -> 0
... A38: 28 | B38: Respublikada kadr potensialının gücləndirilməsi üzrə 2023–2025-ci illər üçün Konsepsiyanın icrası üzrə Fəaliyyət Planı | C38: =COUNTIFS('DP və TP'!$B:$B,B38,'DP və TP'!$AD:$AD,"<=2") -> 4 | D38: =COUNTIFS('DP və TP'!$B:$B,B38,'DP və TP'!$Y:$Y,"Tam icra",'DP və TP'!$AD:$AD,"<=2") -> 1 | E38: =COUNTIFS('DP və TP'!$B:$B,B38, 'DP və TP'!$Y:$Y,"Qismən icra",'DP və TP'!$AD:$AD,"<=2") -> 3 | F38: =COUNTIFS('DP və TP'!$B:$B,B38, 'DP və TP'!$Y:$Y,"İcra müddətinə var",'DP və TP'!$AD:$AD,"<=2") -> 0 | G38: =COUNTIFS('DP və TP'!$B:$B,B38, 'DP və TP'!$Y:$Y,"Gecikmə",'DP və TP'!$AD:$AD,"<=2") -> 0 | H38: =COUNTIFS('DP və TP'!$B:$B,B38, 'DP və TP'!$Y:$Y,"İcra olunmayıb",'DP və TP'!$AD:$AD,"<=2") -> 0 | I38: =COUNTIFS('DP və TP'!$B:$B,B38, 'DP və TP'!$Y:$Y,"İcra olunmayıb, prioritet deyil",'DP və TP'!$AD:$AD,"<=2") -> 0 | J38: =COUNTIFS('DP və TP'!$B:$B,B38, 'DP və TP'!$K:$K,"Tapşırıqların İcrasına Nəzarət platforması üzrə", 'DP və TP'!$Y:$Y,"Tam icra",'DP və TP'!$AD:$AD,"<=2") -> 1 | K38: =COUNTIFS('DP və TP'!$B:$B,B38, 'DP və TP'!$K:$K,"Tapşırıqların İcrasına Nəzarət platforması üzrə", 'DP və TP'!$Y:$Y,"Qismən icra",'DP və TP'!$AD:$AD,"<=2") -> 0 | L38: =COUNTIFS('DP və TP'!$B:$B,B38, 'DP və TP'!$K:$K,"Tapşırıqların İcrasına Nəzarət platforması üzrə", 'DP və TP'!$Y:$Y,"İcra müddətinə var",'DP və TP'!$AD:$AD,"<=2") -> 0 | M38: =COUNTIFS('DP və TP'!$B:$B,B38, 'DP və TP'!$K:$K,"Tapşırıqların İcrasına Nəzarət platforması üzrə", 'DP və TP'!$Y:$Y,"Gecikmə",'DP və TP'!$AD:$AD,"<=2") -> 0 | N38: =COUNTIFS('DP və TP'!$B:$B,B38, 'DP və TP'!$K:$K,"Tapşırıqların İcrasına Nəzarət platforması üzrə", 'DP və TP'!$Y:$Y,"İcra olunmayıb",'DP və TP'!$AD:$AD,"<=2") -> 0 | O38: =COUNTIFS('DP və TP'!$B:$B,B38, 'DP və TP'!$K:$K,"Tapşırıqların İcrasına Nəzarət platforması üzrə", 'DP və TP'!$Y:$Y,"İcra olunmayıb, prioritet deyil",'DP və TP'!$AD:$AD,"<=2") -> 0 | P38: =SUM(J38:O38) -> 1
A39: CƏMİ | C39: =SUM(C11:C38) -> 319 | D39: =SUM(D11:D38) -> 107 | E39: =SUM(E11:E38) -> 36 | F39: =SUM(F11:F38) -> 96 | G39: =SUM(G11:G38) -> 14 | H39: =SUM(H11:H38) -> 14 | I39: =SUM(I11:I38) -> 52 | J39: =SUM(J11:J33) -> 15 | K39: =SUM(K11:K33) -> 5 | L39: =SUM(L11:L33) -> 11 | M39: =SUM(M11:M33) -> 3 | N39: =SUM(N11:N33) -> 1 | O39: =SUM(O11:O33) -> 5 | P39: =SUM(P11:P33) -> 40

Sheet Hesabat yarımillik
B1: DP N əsas TP A əsas - Dövlət Proqramı üzrə Nazirliyin əsas, Nazirliyin Tədbirlər Planı ilə Agentliyin əsas içracı olduğu bəndlər | E1: Göstərici | F1: Hüquqi aktların sayı | G1: Yarımbəndlərin sayı
B2: DP N əsas TP A digər - Dövlət Proqramı üzrə Nazirliyin əsas, Nazirliyin Tədbirlər Planı ilə Agentliyin digər içracı olduğu bəndlər | E2: Ümumi icra olunan işlər | F2: =A38 -> 28 | G2: =SUM(G3:G4) -> 319
B3: DP N digər TP A əsas - Dövlət Proqramı üzrə Nazirliyin digər, Nazirliyin Tədbirlər Planı ilə Agentliyin əsas içracı olduğu bəndlər | E3: Əsas icraçı olduğumuz | F3: 18 | G3: =COUNTIFS('DP və TP'!J:J,"Əsas icraçı",'DP və TP'!$AD:$AD,"<=2") -> 159
B4: DP N digər TP A digər - Dövlət Proqramı üzrə Nazirliyin digər, Nazirliyin Tədbirlər Planı ilə Agentliyin digər içracı olduğu bəndlər | E4: Digər icraçı olduğumuz | F4: 19 | G4: =COUNTIFS('DP və TP'!J:J,"Digər icraçı",'DP və TP'!$AD:$AD,"<=2") -> 160
B5: Tin üzrə - Tapşırıqların İcrasına Nəzarət platformasında olan bəndlər
A9: Sıra № | B9: Hüquqi Aktın adı | C9: İcra olunmalı yarımbənd sayı | D9: Hüquqi Akt üzrə icra vəziyyəti | J9: Tin üzrə icra vəziyyəti
D10: Tam icra | E10: Qismən icra | F10: İcra müddətinə var | G10: Gecikmə | H10: İcra olunmayıb | I10: İcra olunmayıb, prioritet deyil | J10: Tam icra | K10: Qismən icra | L10: İcra müddətinə var | M10: Gecikmə | N10: İcra olunmayıb | O10: İcra olunmayıb, prioritet deyil | P10: CƏMİ
A11: 1 | B11: “Respublikada regional inkişaf üzrə 2024–2029-ci illər üçün Dövlət Proqramı” | C11: =COUNTIFS('DP və TP'!$B:$B,B11,'DP və TP'!$AD:$AD,"<=2") -> 12 | D11: =COUNTIFS('DP və TP'!$B:$B,B11,'DP və TP'!$Z:$Z,"Tam icra",'DP və TP'!$AD:$AD,"<=2") -> 0 | E11: =COUNTIFS('DP və TP'!$B:$B,B11, 'DP və TP'!$Z:$Z,"Qismən icra",'DP və TP'!$AD:$AD,"<=2") -> 0 | F11: =COUNTIFS('DP və TP'!$B:$B,B11, 'DP və TP'!$Z:$Z,"İcra müddətinə var",'DP və TP'!$AD:$AD,"<=2") -> 0 | G11: =COUNTIFS('DP və TP'!$B:$B,B11, 'DP və TP'!$Z:$Z,"Gecikmə",'DP və TP'!$AD:$AD,"<=2") -> 0 | H11: =COUNTIFS('DP və TP'!$B:$B,B11, 'DP və TP'!$Z:$Z,"İcra olunmayıb",'DP və TP'!$AD:$AD,"<=2") -> 0 | I11: =COUNTIFS('DP və TP'!$B:$B,B11, 'DP və TP'!$Z:$Z,"İcra olunmayıb, prioritet deyil",'DP və TP'!$AD:$AD,"<=2") -> 0 | J11: =COUNTIFS('DP və TP'!$B:$B,B11, 'DP və TP'!$K:$K,"Tapşırıqların İcrasına Nəzarət platforması üzrə", 'DP və TP'!$Z:$Z,"Tam icra",'DP və TP'!$AD:$AD,"<=2") -> 0 | K11: =COUNTIFS('DP və TP'!$B:$B,B11, 'DP və TP'!$K:$K,"Tapşırıqların İcrasına Nəzarət platforması üzrə", 'DP və TP'!$Z:$Z,"Qismən icra",'DP və TP'!$AD:$AD,"<=2") -> 0 | L11: =COUNTIFS('DP və TP'!$B:$B,B11, 'DP və TP'!$K:$K,"Tapşırıqların İcrasına Nəzarət platforması üzrə", 'DP və TP'!$Z:$Z,"İcra müddətinə var",'DP və TP'!$AD:$AD,"<=2") -> 0 | M11: =COUNTIFS('DP və TP'!$B:$B,B11, 'DP və TP'!$K:$K,"Tapşırıqların İcrasına Nəzarət platforması üzrə", 'DP və TP'!$Z:$Z,"Gecikmə",'DP və TP'!$AD:$AD,"<=2") -> 0 | N11: =COUNTIFS('DP və TP'!$B:$B,B11, 'DP və TP'!$K:$K,"Tapşırıqların İcrasına Nəzarət platforması üzrə", 'DP və TP'!$Z:$Z,"İcra olunmayıb",'DP və TP'!$AD:$AD,"<=2") -> 0 | O11: =COUNTIFS('DP və TP'!$B:$B,B11, 'DP və TP'!$K:$K,"Tapşırıqların İcrasına Nəzarət platforması üzrə", 'DP və TP'!$Z:$Z,"İcra olunmayıb, prioritet deyil",'DP və TP'!$AD:$AD,"<=2") -> 0 | P11: =SUM(J11:O11) -> 0
A12: 2 | B12: Respublikada mədəni irsin qorunması üzrə 2025–2030-ci illər üçün Milli Fəaliyyət Planı | C12: =COUNTIFS('DP və TP'!$B:$B,B12,'DP və TP'!$AD:$AD,"<=2") -> 5 | D12: =COUNTIFS('DP və TP'!$B:$B,B12,'DP və TP'!$Z:$Z,"Tam icra",'DP və TP'!$AD:$AD,"<=2") -> 0 | E12: =COUNTIFS('DP və TP'!$B:$B,B12, 'DP və TP'!$Z:$Z,"Qismən icra",'DP və TP'!$AD:$AD,"<=2") -> 0 | F12: =COUNTIFS('DP və TP'!$B:$B,B12, 'DP və TP'!$Z:$Z,"İcra müddətinə var",'DP və TP'!$AD:$AD,"<=2") -> 0 | G12: =COUNTIFS('DP və TP'!$B:$B,B12, 'DP və TP'!$Z:$Z,"Gecikmə",'DP və TP'!$AD:$AD,"<=2") -> 0 | H12: =COUNTIFS('DP və TP'!$B:$B,B12, 'DP və TP'!$Z:$Z,"İcra olunmayıb",'DP və TP'!$AD:$AD,"<=2") -> 0 | I12: =COUNTIFS('DP və TP'!$B:$B,B12, 'DP və TP'!$Z:$Z,"İcra olunmayıb, prioritet deyil",'DP və TP'!$AD:$AD,"<=2") -> 0 | J12: =COUNTIFS('DP və TP'!$B:$B,B12, 'DP və TP'!$K:$K,"Tapşırıqların İcrasına Nəzarət platforması üzrə", 'DP və TP'!$Z:$Z,"Tam icra",'DP və TP'!$AD:$AD,"<=2") -> 0 | K12: =COUNTIFS('DP və TP'!$B:$B,B12, 'DP və TP'!$K:$K,"Tapşırıqların İcrasına Nəzarət platforması üzrə", 'DP və TP'!$Z:$Z,"Qismən icra",'DP və TP'!$AD:$AD,"<=2") -> 0 | L12: =COUNTIFS('DP və TP'!$B:$B,B12, 'DP və TP'!$K:$K,"Tapşırıqların İcrasına Nəzarət platforması üzrə", 'DP və TP'!$Z:$Z,"İcra müddətinə var",'DP və TP'!$AD:$AD,"<=2") -> 0 | M12: =COUNTIFS('DP və TP'!$B:$B,B12, 'DP və TP'!$K:$K,"Tapşırıqların İcrasına Nəzarət platforması üzrə", 'DP və TP'!$Z:$Z,"Gecikmə",'DP və TP'!$AD:$AD,"<=2") -> 0 | N12: =COUNTIFS('DP və TP'!$B:$B,B12, 'DP və TP'!$K:$K,"Tapşırıqların İcrasına Nəzarət platforması üzrə", 'DP və TP'!$Z:$Z,"İcra olunmayıb",'DP və TP'!$AD:$AD,"<=2") -> 0 | O12: =COUNTIFS('DP və TP'!$B:$B,B12, 'DP və TP'!$K:$K,"Tapşırıqların İcrasına Nəzarət platforması üzrə", 'DP və TP'!$Z:$Z,"İcra olunmayıb, prioritet deyil",'DP və TP'!$AD:$AD,"<=2") -> 0
A13: 3 | B13: “Respublikada sağlam həyat tərzinin təbliği üzrə 2022–2026-ci illər üçün Milli Fəaliyyət Planı” | C13: =COUNTIFS('DP və TP'!$B:$B,B13,'DP və TP'!$AD:$AD,"<=2") -> 1 | D13: =COUNTIFS('DP və TP'!$B:$B,B13,'DP və TP'!$Z:$Z,"Tam icra",'DP və TP'!$AD:$AD,"<=2") -> 0 | E13: =COUNTIFS('DP və TP'!$B:$B,B13, 'DP və TP'!$Z:$Z,"Qismən icra",'DP və TP'!$AD:$AD,"<=2") -> 0 | F13: =COUNTIFS('DP və TP'!$B:$B,B13, 'DP və TP'!$Z:$Z,"İcra müddətinə var",'DP və TP'!$AD:$AD,"<=2") -> 0 | G13: =COUNTIFS('DP və TP'!$B:$B,B13, 'DP və TP'!$Z:$Z,"Gecikmə",'DP və TP'!$AD:$AD,"<=2") -> 0 | H13: =COUNTIFS('DP və TP'!$B:$B,B13, 'DP və TP'!$Z:$Z,"İcra olunmayıb",'DP və TP'!$AD:$AD,"<=2") -> 0 | I13: =COUNTIFS('DP və TP'!$B:$B,B13, 'DP və TP'!$Z:$Z,"İcra olunmayıb, prioritet deyil",'DP və TP'!$AD:$AD,"<=2") -> 0 | J13: =COUNTIFS('DP və TP'!$B:$B,B13, 'DP və TP'!$K:$K,"Tapşırıqların İcrasına Nəzarət platforması üzrə", 'DP və TP'!$Z:$Z,"Tam icra",'DP və TP'!$AD:$AD,"<=2") -> 0 | K13: =COUNTIFS('DP və TP'!$B:$B,B13, 'DP və TP'!$K:$K,"Tapşırıqların İcrasına Nəzarət platforması üzrə", 'DP və TP'!$Z:$Z,"Qismən icra",'DP və TP'!$AD:$AD,"<=2") -> 0 | L13: =COUNTIFS('DP və TP'!$B:$B,B13, 'DP və TP'!$K:$K,"Tapşırıqların İcrasına Nəzarət platforması üzrə", 'DP və TP'!$Z:$Z,"İcra müddətinə var",'DP və TP'!$AD:$AD,"<=2") -> 0 | M13: =COUNTIFS('DP və TP'!$B:$B,B13, 'DP və TP'!$K:$K,"Tapşırıqların İcrasına Nəzarət platforması üzrə", 'DP və TP'!$Z:$Z,"Gecikmə",'DP və TP'!$AD:$AD,"<=2") -> 0 | N13: =COUNTIFS('DP və TP'!$B:$B,B13, 'DP və TP'!$K:$K,"Tapşırıqların İcrasına Nəzarət platforması üzrə", 'DP və TP'!$Z:$Z,"İcra olunmayıb",'DP və TP'!$AD:$AD,"<=2") -> 0 | O13: =COUNTIFS('DP və TP'!$B:$B,B13, 'DP və TP'!$K:$K,"Tapşırıqların İcrasına Nəzarət platforması üzrə", 'DP və TP'!$Z:$Z,"İcra olunmayıb, prioritet deyil",'DP və TP'!$AD:$AD,"<=2") -> 0 | P13: =SUM(J13:O13) -> 0
A14: 4 | B14: Respublikada təhsilə çıxışın genişləndirilməsi üzrə 2024–2029-ci illər üçün Strategiyanın həyata keçirilməsi üzrə Tədbirlər Planı | C14: =COUNTIFS('DP və TP'!$B:$B,B14,'DP və TP'!$AD:$AD,"<=2") -> 7 | D14: =COUNTIFS('DP və TP'!$B:$B,B14,'DP və TP'!$Z:$Z,"Tam icra",'DP və TP'!$AD:$AD,"<=2") -> 0 | E14: =COUNTIFS('DP və TP'!$B:$B,B14, 'DP və TP'!$Z:$Z,"Qismən icra",'DP və TP'!$AD:$AD,"<=2") -> 0 | F14: =COUNTIFS('DP və TP'!$B:$B,B14, 'DP və TP'!$Z:$Z,"İcra müddətinə var",'DP və TP'!$AD:$AD,"<=2") -> 0 | G14: =COUNTIFS('DP və TP'!$B:$B,B14, 'DP və TP'!$Z:$Z,"Gecikmə",'DP və TP'!$AD:$AD,"<=2") -> 0 | H14: =COUNTIFS('DP və TP'!$B:$B,B14, 'DP və TP'!$Z:$Z,"İcra olunmayıb",'DP və TP'!$AD:$AD,"<=2") -> 0 | I14: =COUNTIFS('DP və TP'!$B:$B,B14, 'DP və TP'!$Z:$Z,"İcra olunmayıb, prioritet deyil",'DP və TP'!$AD:$AD,"<=2") -> 0 | J14: =COUNTIFS('DP və TP'!$B:$B,B14, 'DP və TP'!$K:$K,"Tapşırıqların İcrasına Nəzarət platforması üzrə", 'DP və TP'!$Z:$Z,"Tam icra",'DP və TP'!$AD:$AD,"<=2") -> 0 | K14: =COUNTIFS('DP və TP'!$B:$B,B14, 'DP və TP'!$K:$K,"Tapşırıqların İcrasına Nəzarət platforması üzrə", 'DP və TP'!$Z:$Z,"Qismən icra",'DP və TP'!$AD:$AD,"<=2") -> 0 | L14: =COUNTIFS('DP və TP'!$B:$B,B14, 'DP və TP'!$K:$K,"Tapşırıqların İcrasına Nəzarət platforması üzrə", 'DP və TP'!$Z:$Z,"İcra müddətinə var",'DP və TP'!$AD:$AD,"<=2") -> 0 | M14: =COUNTIFS('DP və TP'!$B:$B,B14, 'DP və TP'!$K:$K,"Tapşırıqların İcrasına Nəzarət platforması üzrə", 'DP və TP'!$Z:$Z,"Gecikmə",'DP və TP'!$AD:$AD,"<=2") -> 0 | N14: =COUNTIFS('DP və TP'!$B:$B,B14, 'DP və TP'!$K:$K,"Tapşırıqların İcrasına Nəzarət platforması üzrə", 'DP və TP'!$Z:$Z,"İcra olunmayıb",'DP və TP'!$AD:$AD,"<=2") -> 0 | O14: =COUNTIFS('DP və TP'!$B:$B,B14, 'DP və TP'!$K:$K,"Tapşırıqların İcrasına Nəzarət platforması üzrə", 'DP və TP'!$Z:$Z,"İcra olunmayıb, prioritet deyil",'DP və TP'!$AD:$AD,"<=2") -> 0 | P14: =SUM(J14:O14) -> 0
A15: 5 | B15: “Respublikada yaşlı vətəndaşların sosial dəstəyi üzrə 2023–2025-ci illər üçün Konsepsiyanın icrası üzrə Fəaliyyət Planı” | C15: =COUNTIFS('DP və TP'!$B:$B,B15,'DP və TP'!$AD:$AD,"<=2") -> 2 | D15: =COUNTIFS('DP və TP'!$B:$B,B15,'DP və TP'!$Z:$Z,"Tam icra",'DP və TP'!$AD:$AD,"<=2") -> 0 | E15: =COUNTIFS('DP və TP'!$B:$B,B15, 'DP və TP'!$Z:$Z,"Qismən icra",'DP və TP'!$AD:$AD,"<=2") -> 0 | F15: =COUNTIFS('DP və TP'!$B:$B,B15, 'DP və TP'!$Z:$Z,"İcra müddətinə var",'DP və TP'!$AD:$AD,"<=2") -> 0 | G15: =COUNTIFS('DP və TP'!$B:$B,B15, 'DP və TP'!$Z:$Z,"Gecikmə",'DP və TP'!$AD:$AD,"<=2") -> 0 | H15: =COUNTIFS('DP və TP'!$B:$B,B15, 'DP və TP'!$Z:$Z,"İcra olunmayıb",'DP və TP'!$AD:$AD,"<=2") -> 0 | I15: =COUNTIFS('DP və TP'!$B:$B,B15, 'DP və TP'!$Z:$Z,"İcra olunmayıb, prioritet deyil",'DP və TP'!$AD:$AD,"<=2") -> 0 | J15: =COUNTIFS('DP və TP'!$B:$B,B15, 'DP və TP'!$K:$K,"Tapşırıqların İcrasına Nəzarət platforması üzrə", 'DP və TP'!$Z:$Z,"Tam icra",'DP və TP'!$AD:$AD,"<=2") -> 0 | K15: =COUNTIFS('DP və TP'!$B:$B,B15, 'DP və TP'!$K:$K,"Tapşırıqların İcrasına Nəzarət platforması üzrə", 'DP və TP'!$Z:$Z,"Qismən icra",'DP və TP'!$AD:$AD,"<=2") -> 0 | L15: =COUNTIFS('DP və TP'!$B:$B,B15, 'DP və TP'!$K:$K,"Tapşırıqların İcrasına Nəzarət platforması üzrə", 'DP və TP'!$Z:$Z,"İcra müddətinə var",'DP və TP'!$AD:$AD,"<=2") -> 0 | M15: =COUNTIFS('DP və TP'!$B:$B,B15, 'DP və TP'!$K:$K,"Tapşırıqların İcrasına Nəzarət platforması üzrə", 'DP və TP'!$Z:$Z,"Gecikmə",'DP və TP'!$AD:$AD,"<=2") -> 0 | N15: =COUNTIFS('DP və TP'!$B:$B,B15, 'DP və TP'!$K:$K,"Tapşırıqların İcrasına Nəzarət platforması üzrə", 'DP və TP'!$Z:$Z,"İcra olunmayıb",'DP və TP'!$AD:$AD,"<=2") -> 0 | O15: =COUNTIFS('DP və TP'!$B:$B,B15, 'DP və TP'!$K:$K,"Tapşırıqların İcrasına Nəzarət platforması üzrə", 'DP və TP'!$Z:$Z,"İcra olunmayıb, prioritet deyil",'DP və TP'!$AD:$AD,"<=2") -> 0 | P15: =SUM(J15:O15) -> 0
A16: 6 | B16: Respublikada məlumat təhlükəsizliyinin gücləndirilməsi üzrə 2025–2027-ci illər üçün Dövlət Proqramı | C16: =COUNTIFS('DP və TP'!$B:$B,B16,'DP və TP'!$AD:$AD,"<=2") -> 5 | D16: =COUNTIFS('DP və TP'!$B:$B,B16,'DP və TP'!$Z:$Z,"Tam icra",'DP və TP'!$AD:$AD,"<=2") -> 0 | E16: =COUNTIFS('DP və TP'!$B:$B,B16, 'DP və TP'!$Z:$Z,"Qismən icra",'DP və TP'!$AD:$AD,"<=2") -> 0 | F16: =COUNTIFS('DP və TP'!$B:$B,B16, 'DP və TP'!$Z:$Z,"İcra müddətinə var",'DP və TP'!$AD:$AD,"<=2") -> 0 | G16: =COUNTIFS('DP və TP'!$B:$B,B16, 'DP və TP'!$Z:$Z,"Gecikmə",'DP və TP'!$AD:$AD,"<=2") -> 0 | H16: =COUNTIFS('DP və TP'!$B:$B,B16, 'DP və TP'!$Z:$Z,"İcra olunmayıb",'DP və TP'!$AD:$AD,"<=2") -> 0 | I16: =COUNTIFS('DP və TP'!$B:$B,B16, 'DP və TP'!$Z:$Z,"İcra olunmayıb, prioritet deyil",'DP və TP'!$AD:$AD,"<=2") -> 0 | J16: =COUNTIFS('DP və TP'!$B:$B,B16, 'DP və TP'!$K:$K,"Tapşırıqların İcrasına Nəzarət platforması üzrə", 'DP və TP'!$Z:$Z,"Tam icra",'DP və TP'!$AD:$AD,"<=2") -> 0 | K16: =COUNTIFS('DP və TP'!$B:$B,B16, 'DP və TP'!$K:$K,"Tapşırıqların İcrasına Nəzarət platforması üzrə", 'DP və TP'!$Z:$Z,"Qismən icra",'DP və TP'!$AD:$AD,"<=2") -> 0 | L16: =COUNTIFS('DP və TP'!$B:$B,B16, 'DP və TP'!$K:$K,"Tapşırıqların İcrasına Nəzarət platforması üzrə", 'DP və TP'!$Z:$Z,"İcra müddətinə var",'DP və TP'!$AD:$AD,"<=2") -> 0 | M16: =COUNTIFS('DP və TP'!$B:$B,B16, 'DP və TP'!$K:$K,"Tapşırıqların İcrasına Nəzarət platforması üzrə", 'DP və TP'!$Z:$Z,"Gecikmə",'DP və TP'!$AD:$AD,"<=2") -> 0 | N16: =COUNTIFS('DP və TP'!$B:$B,B16, 'DP və TP'!$K:$K,"Tapşırıqların İcrasına Nəzarət platforması üzrə", 'DP və TP'!$Z:$Z,"İcra olunmayıb",'DP və TP'!$AD:$AD,"<=2") -> 0 | O16: =COUNTIFS('DP və TP'!$B:$B,B16, 'DP və TP'!$K:$K,"Tapşırıqların İcrasına Nəzarət platforması üzrə", 'DP və TP'!$Z:$Z,"İcra olunmayıb, prioritet deyil",'DP və TP'!$AD:$AD,"<=2") -> 0 | P16: =SUM(J16:O16) -> 0
A17: 7 | B17: Respublikada gender bərabərliyinin təmin olunması üzrə 2023–2027-ci illər üçün Dövlət Proqramı | C17: =COUNTIFS('DP və TP'!$B:$B,B17,'DP və TP'!$AD:$AD,"<=2") -> 6 | D17: =COUNTIFS('DP və TP'!$B:$B,B17,'DP və TP'!$Z:$Z,"Tam icra",'DP və TP'!$AD:$AD,"<=2") -> 0 | E17: =COUNTIFS('DP və TP'!$B:$B,B17, 'DP və TP'!$Z:$Z,"Qismən icra",'DP və TP'!$AD:$AD,"<=2") -> 0 | F17: =COUNTIFS('DP və TP'!$B:$B,B17, 'DP və TP'!$Z:$Z,"İcra müddətinə var",'DP və TP'!$AD:$AD,"<=2") -> 0 | G17: =COUNTIFS('DP və TP'!$B:$B,B17, 'DP və TP'!$Z:$Z,"Gecikmə",'DP və TP'!$AD:$AD,"<=2") -> 0 | H17: =COUNTIFS('DP və TP'!$B:$B,B17, 'DP və TP'!$Z:$Z,"İcra olunmayıb",'DP və TP'!$AD:$AD,"<=2") -> 0 | I17: =COUNTIFS('DP və TP'!$B:$B,B17, 'DP və TP'!$Z:$Z,"İcra olunmayıb, prioritet deyil",'DP və TP'!$AD:$AD,"<=2") -> 0 | J17: =COUNTIFS('DP və TP'!$B:$B,B17, 'DP və TP'!$K:$K,"Tapşırıqların İcrasına Nəzarət platforması üzrə", 'DP və TP'!$Z:$Z,"Tam icra",'DP və TP'!$AD:$AD,"<=2") -> 0 | K17: =COUNTIFS('DP və TP'!$B:$B,B17, 'DP və TP'!$K:$K,"Tapşırıqların İcrasına Nəzarət platforması üzrə", 'DP və TP'!$Z:$Z,"Qismən icra",'DP və TP'!$AD:$AD,"<=2") -> 0 | L17: =COUNTIFS('DP və TP'!$B:$B,B17, 'DP və TP'!$K:$K,"Tapşırıqların İcrasına Nəzarət platforması üzrə", 'DP və TP'!$Z:$Z,"İcra müddətinə var",'DP və TP'!$AD:$AD,"<=2") -> 0 | M17: =COUNTIFS('DP və TP'!$B:$B,B17, 'DP və TP'!$K:$K,"Tapşırıqların İcrasına Nəzarət platforması üzrə", 'DP və TP'!$Z:$Z,"Gecikmə",'DP və TP'!$AD:$AD,"<=2") -> 0 | N17: =COUNTIFS('DP və TP'!$B:$B,B17, 'DP və TP'!$K:$K,"Tapşırıqların İcrasına Nəzarət platforması üzrə", 'DP və TP'!$Z:$Z,"İcra olunmayıb",'DP və TP'!$AD:$AD,"<=2") -> 0 | O17: =COUNTIFS('DP və TP'!$B:$B,B17, 'DP və TP'!$K:$K,"Tapşırıqların İcrasına Nəzarət platforması üzrə", 'DP və TP'!$Z:$Z,"İcra olunmayıb, prioritet deyil",'DP və TP'!$AD:$AD,"<=2") -> 0 | P17: =SUM(J17:O17) -> 0
A18: 8 | B18: Respublikada icma əsaslı xidmətlərin inkişafı üzrə 2023–2026-ci illər üçün Konsepsiyanın icrası üzrə Fəaliyyət Planı | C18: =COUNTIFS('DP və TP'!$B:$B,B18,'DP və TP'!$AD:$AD,"<=2") -> 1 | D18: =COUNTIFS('DP və TP'!$B:$B,B18,'DP və TP'!$Z:$Z,"Tam icra",'DP və TP'!$AD:$AD,"<=2") -> 0 | E18: =COUNTIFS('DP və TP'!$B:$B,B18, 'DP və TP'!$Z:$Z,"Qismən icra",'DP və TP'!$AD:$AD,"<=2") -> 0 | F18: =COUNTIFS('DP və TP'!$B:$B,B18, 'DP və TP'!$Z:$Z,"İcra müddətinə var",'DP və TP'!$AD:$AD,"<=2") -> 0 | G18: =COUNTIFS('DP və TP'!$B:$B,B18, 'DP və TP'!$Z:$Z,"Gecikmə",'DP və TP'!$AD:$AD,"<=2") -> 0 | H18: =COUNTIFS('DP və TP'!$B:$B,B18, 'DP və TP'!$Z:$Z,"İcra olunmayıb",'DP və TP'!$AD:$AD,"<=2") -> 0 | I18: =COUNTIFS('DP və TP'!$B:$B,B18, 'DP və TP'!$Z:$Z,"İcra olunmayıb, prioritet deyil",'DP və TP'!$AD:$AD,"<=2") -> 0 | J18: =COUNTIFS('DP və TP'!$B:$B,B18, 'DP və TP'!$K:$K,"Tapşırıqların İcrasına Nəzarət platforması üzrə", 'DP və TP'!$Z:$Z,"Tam icra",'DP və TP'!$AD:$AD,"<=2") -> 0 | K18: =COUNTIFS('DP və TP'!$B:$B,B18, 'DP və TP'!$K:$K,"Tapşırıqların İcrasına Nəzarət platforması üzrə", 'DP və TP'!$Z:$Z,"Qismən icra",'DP və TP'!$AD:$AD,"<=2") -> 0 | L18: =COUNTIFS('DP və TP'!$B:$B,B18, 'DP və TP'!$K:$K,"Tapşırıqların İcrasına Nəzarət platforması üzrə", 'DP və TP'!$Z:$Z,"İcra müddətinə var",'DP və TP'!$AD:$AD,"<=2") -> 0 | M18: =COUNTIFS('DP və TP'!$B:$B,B18, 'DP və TP'!$K:$K,"Tapşırıqların İcrasına Nəzarət platforması üzrə", 'DP və TP'!$Z:$Z,"Gecikmə",'DP və TP'!$AD:$AD,"<=2") -> 0 | N18: =COUNTIFS('DP və TP'!$B:$B,B18, 'DP və TP'!$K:$K,"Tapşırıqların İcrasına Nəzarət platforması üzrə", 'DP və TP'!$Z:$Z,"İcra olunmayıb",'DP və TP'!$AD:$AD,"<=2") -> 0 | O18: =COUNTIFS('DP və TP'!$B:$B,B18, 'DP və TP'!$K:$K,"Tapşırıqların İcrasına Nəzarət platforması üzrə", 'DP və TP'!$Z:$Z,"İcra olunmayıb, prioritet deyil",'DP və TP'!$AD:$AD,"<=2") -> 0 | P18: =SUM(J18:O18) -> 0
A19: 9 | B19: Respublikada inklüziv mühitin yaradılması üzrə 2025–2030-ci illər üçün Konsepsiyanın icrası üzrə Fəaliyyət Planı | C19: =COUNTIFS('DP və TP'!$B:$B,B19,'DP və TP'!$AD:$AD,"<=2") -> 3 | D19: =COUNTIFS('DP və TP'!$B:$B,B19,'DP və TP'!$Z:$Z,"Tam icra",'DP və TP'!$AD:$AD,"<=2") -> 0 | E19: =COUNTIFS('DP və TP'!$B:$B,B19, 'DP və TP'!$Z:$Z,"Qismən icra",'DP və TP'!$AD:$AD,"<=2") -> 0 | F19: =COUNTIFS('DP və TP'!$B:$B,B19, 'DP və TP'!$Z:$Z,"İcra müddətinə var",'DP və TP'!$AD:$AD,"<=2") -> 0 | G19: =COUNTIFS('DP və TP'!$B:$B,B19, 'DP və TP'!$Z:$Z,"Gecikmə",'DP və TP'!$AD:$AD,"<=2") -> 0 | H19: =COUNTIFS('DP və TP'!$B:$B,B19, 'DP və TP'!$Z:$Z,"İcra olunmayıb",'DP və TP'!$AD:$AD,"<=2") -> 0 | I19: =COUNTIFS('DP və TP'!$B:$B,B19, 'DP və TP'!$Z:$Z,"İcra olunmayıb, prioritet deyil",'DP və TP'!$AD:$AD,"<=2") -> 0 | J19: =COUNTIFS('DP və TP'!$B:$B,B19, 'DP və TP'!$K:$K,"Tapşırıqların İcrasına Nəzarət platforması üzrə", 'DP və TP'!$Z:$Z,"Tam icra",'DP və TP'!$AD:$AD,"<=2") -> 0 | K19: =COUNTIFS('DP və TP'!$B:$B,B19, 'DP və TP'!$K:$K,"Tapşırıqların İcrasına Nəzarət platforması üzrə", 'DP və TP'!$Z:$Z,"Qismən icra",'DP və TP'!$AD:$AD,"<=2") -> 0 | L19: =COUNTIFS('DP və TP'!$B:$B,B19, 'DP və TP'!$K:$K,"Tapşırıqların İcrasına Nəzarət platforması üzrə", 'DP və TP'!$Z:$Z,"İcra müddətinə var",'DP və TP'!$AD:$AD,"<=2") -> 0 | M19: =COUNTIFS('DP və TP'!$B:$B,B19, 'DP və TP'!$K:$K,"Tapşırıqların İcrasına Nəzarət platforması üzrə", 'DP və TP'!$Z:$Z,"Gecikmə",'DP və TP'!$AD:$AD,"<=2") -> 0 | N19: =COUNTIFS('DP və TP'!$B:$B,B19, 'DP və TP'!$K:$K,"Tapşırıqların İcrasına Nəzarət platforması üzrə", 'DP və TP'!$Z:$Z,"İcra olunmayıb",'DP və TP'!$AD:$AD,"<=2") -> 0 | O19: =COUNTIFS('DP və TP'!$B:$B,B19, 'DP və TP'!$K:$K,"Tapşırıqların İcrasına Nəzarət platforması üzrə", 'DP və TP'!$Z:$Z,"İcra olunmayıb, prioritet deyil",'DP və TP'!$AD:$AD,"<=2") -> 0 | P19: =SUM(J19:O19) -> 0
A20: 10 | B20: Respublikada peşə hazırlığının təkmilləşdirilməsi üzrə 2019–2021-ci illər üçün Milli Fəaliyyət Planı | C20: =COUNTIFS('DP və TP'!$B:$B,B20,'DP və TP'!$AD:$AD,"<=2") -> 6 | D20: =COUNTIFS('DP və TP'!$B:$B,B20,'DP və TP'!$Z:$Z,"Tam icra",'DP və TP'!$AD:$AD,"<=2") -> 0 | E20: =COUNTIFS('DP və TP'!$B:$B,B20, 'DP və TP'!$Z:$Z,"Qismən icra",'DP və TP'!$AD:$AD,"<=2") -> 0 | F20: =COUNTIFS('DP və TP'!$B:$B,B20, 'DP və TP'!$Z:$Z,"İcra müddətinə var",'DP və TP'!$AD:$AD,"<=2") -> 0 | G20: =COUNTIFS('DP və TP'!$B:$B,B20, 'DP və TP'!$Z:$Z,"Gecikmə",'DP və TP'!$AD:$AD,"<=2") -> 0 | H20: =COUNTIFS('DP və TP'!$B:$B,B20, 'DP və TP'!$Z:$Z,"İcra olunmayıb",'DP və TP'!$AD:$AD,"<=2") -> 0 | I20: =COUNTIFS('DP və TP'!$B:$B,B20, 'DP və TP'!$Z:$Z,"İcra olunmayıb, prioritet deyil",'DP və TP'!$AD:$AD,"<=2") -> 0 | J20: =COUNTIFS('DP və TP'!$B:$B,B20, 'DP və TP'!$K:$K,"Tapşırıqların İcrasına Nəzarət platforması üzrə", 'DP və TP'!$Z:$Z,"Tam icra",'DP və TP'!$AD:$AD,"<=2") -> 0 | K20: =COUNTIFS('DP və TP'!$B:$B,B20, 'DP və TP'!$K:$K,"Tapşırıqların İcrasına Nəzarət platforması üzrə", 'DP və TP'!$Z:$Z,"Qismən icra",'DP və TP'!$AD:$AD,"<=2") -> 0 | L20: =COUNTIFS('DP və TP'!$B:$B,B20, 'DP və TP'!$K:$K,"Tapşırıqların İcrasına Nəzarət platforması üzrə", 'DP və TP'!$Z:$Z,"İcra müddətinə var",'DP və TP'!$AD:$AD,"<=2") -> 0 | M20: =COUNTIFS('DP və TP'!$B:$B,B20, 'DP və TP'!$K:$K,"Tapşırıqların İcrasına Nəzarət platforması üzrə", 'DP və TP'!$Z:$Z,"Gecikmə",'DP və TP'!$AD:$AD,"<=2") -> 0 | N20: =COUNTIFS('DP və TP'!$B:$B,B20, 'DP və TP'!$K:$K,"Tapşırıqların İcrasına Nəzarət platforması üzrə", 'DP və TP'!$Z:$Z,"İcra olunmayıb",'DP və TP'!$AD:$AD,"<=2") -> 0 | O20: =COUNTIFS('DP və TP'!$B:$B,B20, 'DP və TP'!$K:$K,"Tapşırıqların İcrasına Nəzarət platforması üzrə", 'DP və TP'!$Z:$Z,"İcra olunmayıb, prioritet deyil",'DP və TP'!$AD:$AD,"<=2") -> 0 | P20: =SUM(J20:O20) -> 0
A21: 11 | B21: “Respublikada kənd yerlərində xidmətlərin əlçatanlığı üzrə 2025–2027-ci illər üçün Dövlət Proqramı” | C21: =COUNTIFS('DP və TP'!$B:$B,B21,'DP və TP'!$AD:$AD,"<=2") -> 3 | D21: =COUNTIFS('DP və TP'!$B:$B,B21,'DP və TP'!$Z:$Z,"Tam icra",'DP və TP'!$AD:$AD,"<=2") -> 0 | E21: =COUNTIFS('DP və TP'!$B:$B,B21, 'DP və TP'!$Z:$Z,"Qismən icra",'DP və TP'!$AD:$AD,"<=2") -> 0 | F21: =COUNTIFS('DP və TP'!$B:$B,B21, 'DP və TP'!$Z:$Z,"İcra müddətinə var",'DP və TP'!$AD:$AD,"<=2") -> 0 | G21: =COUNTIFS('DP və TP'!$B:$B,B21, 'DP və TP'!$Z:$Z,"Gecikmə",'DP və TP'!$AD:$AD,"<=2") -> 0 | H21: =COUNTIFS('DP və TP'!$B:$B,B21, 'DP və TP'!$Z:$Z,"İcra olunmayıb",'DP və TP'!$AD:$AD,"<=2") -> 0 | I21: =COUNTIFS('DP və TP'!$B:$B,B21, 'DP və TP'!$Z:$Z,"İcra olunmayıb, prioritet deyil",'DP və TP'!$AD:$AD,"<=2") -> 0 | J21: =COUNTIFS('DP və TP'!$B:$B,B21, 'DP və TP'!$K:$K,"Tapşırıqların İcrasına Nəzarət platforması üzrə", 'DP və TP'!$Z:$Z,"Tam icra",'DP və TP'!$AD:$AD,"<=2") -> 0 | K21: =COUNTIFS('DP və TP'!$B:$B,B21, 'DP və TP'!$K:$K,"Tapşırıqların İcrasına Nəzarət platforması üzrə", 'DP və TP'!$Z:$Z,"Qismən icra",'DP və TP'!$AD:$AD,"<=2") -> 0 | L21: =COUNTIFS('DP və TP'!$B:$B,B21, 'DP və TP'!$K:$K,"Tapşırıqların İcrasına Nəzarət platforması üzrə", 'DP və TP'!$Z:$Z,"İcra müddətinə var",'DP və TP'!$AD:$AD,"<=2") -> 0 | M21: =COUNTIFS('DP və TP'!$B:$B,B21, 'DP və TP'!$K:$K,"Tapşırıqların İcrasına Nəzarət platforması üzrə", 'DP və TP'!$Z:$Z,"Gecikmə",'DP və TP'!$AD:$AD,"<=2") -> 0 | N21: =COUNTIFS('DP və TP'!$B:$B,B21, 'DP və TP'!$K:$K,"Tapşırıqların İcrasına Nəzarət platforması üzrə", 'DP və TP'!$Z:$Z,"İcra olunmayıb",'DP və TP'!$AD:$AD,"<=2") -> 0 | O21: =COUNTIFS('DP və TP'!$B:$B,B21, 'DP və TP'!$K:$K,"Tapşırıqların İcrasına Nəzarət platforması üzrə", 'DP və TP'!$Z:$Z,"İcra olunmayıb, prioritet deyil",'DP və TP'!$AD:$AD,"<=2") -> 0
A22: 12 | B22: Respublikada ictimai təhlükəsizliyin təmin edilməsi üzrə 2023–2027-ci illər üçün Tədbirlər Proqramı | C22: =COUNTIFS('DP və TP'!$B:$B,B22,'DP və TP'!$AD:$AD,"<=2") -> 4 | D22: =COUNTIFS('DP və TP'!$B:$B,B22,'DP və TP'!$Z:$Z,"Tam icra",'DP və TP'!$AD:$AD,"<=2") -> 0 | E22: =COUNTIFS('DP və TP'!$B:$B,B22, 'DP və TP'!$Z:$Z,"Qismən icra",'DP və TP'!$AD:$AD,"<=2") -> 0 | F22: =COUNTIFS('DP və TP'!$B:$B,B22, 'DP və TP'!$Z:$Z,"İcra müddətinə var",'DP və TP'!$AD:$AD,"<=2") -> 0 | G22: =COUNTIFS('DP və TP'!$B:$B,B22, 'DP və TP'!$Z:$Z,"Gecikmə",'DP və TP'!$AD:$AD,"<=2") -> 0 | H22: =COUNTIFS('DP və TP'!$B:$B,B22, 'DP və TP'!$Z:$Z,"İcra olunmayıb",'DP və TP'!$AD:$AD,"<=2") -> 0 | I22: =COUNTIFS('DP və TP'!$B:$B,B22, 'DP və TP'!$Z:$Z,"İcra olunmayıb, prioritet deyil",'DP və TP'!$AD:$AD,"<=2") -> 0 | J22: =COUNTIFS('DP və TP'!$B:$B,B22, 'DP və TP'!$K:$K,"Tapşırıqların İcrasına Nəzarət platforması üzrə", 'DP və TP'!$Z:$Z,"Tam icra",'DP və TP'!$AD:$AD,"<=2") -> 0 | K22: =COUNTIFS('DP və TP'!$B:$B,B22, 'DP və TP'!$K:$K,"Tapşırıqların İcrasına Nəzarət platforması üzrə", 'DP və TP'!$Z:$Z,"Qismən icra",'DP və TP'!$AD:$AD,"<=2") -> 0 | L22: =COUNTIFS('DP və TP'!$B:$B,B22, 'DP və TP'!$K:$K,"Tapşırıqların İcrasına Nəzarət platforması üzrə", 'DP və TP'!$Z:$Z,"İcra müddətinə var",'DP və TP'!$AD:$AD,"<=2") -> 0 | M22: =COUNTIFS('DP və TP'!$B:$B,B22, 'DP və TP'!$K:$K,"Tapşırıqların İcrasına Nəzarət platforması üzrə", 'DP və TP'!$Z:$Z,"Gecikmə",'DP və TP'!$AD:$AD,"<=2") -> 0 | N22: =COUNTIFS('DP və TP'!$B:$B,B22, 'DP və TP'!$K:$K,"Tapşırıqların İcrasına Nəzarət platforması üzrə", 'DP və TP'!$Z:$Z,"İcra olunmayıb",'DP və TP'!$AD:$AD,"<=2") -> 0 | O22: =COUNTIFS('DP və TP'!$B:$B,B22, 'DP və TP'!$K:$K,"Tapşırıqların İcrasına Nəzarət platforması üzrə", 'DP və TP'!$Z:$Z,"İcra olunmayıb, prioritet deyil",'DP və TP'!$AD:$AD,"<=2") -> 0
A23: 13 | B23: Respublikada yoxsulluğun azaldılması üzrə 2019–2022-ci illər üçün Tədbirlər Proqramı | C23: =COUNTIFS('DP və TP'!$B:$B,B23,'DP və TP'!$AD:$AD,"<=2") -> 3 | D23: =COUNTIFS('DP və TP'!$B:$B,B23,'DP və TP'!$Z:$Z,"Tam icra",'DP və TP'!$AD:$AD,"<=2") -> 0 | E23: =COUNTIFS('DP və TP'!$B:$B,B23, 'DP və TP'!$Z:$Z,"Qismən icra",'DP və TP'!$AD:$AD,"<=2") -> 0 | F23: =COUNTIFS('DP və TP'!$B:$B,B23, 'DP və TP'!$Z:$Z,"İcra müddətinə var",'DP və TP'!$AD:$AD,"<=2") -> 0 | G23: =COUNTIFS('DP və TP'!$B:$B,B23, 'DP və TP'!$Z:$Z,"Gecikmə",'DP və TP'!$AD:$AD,"<=2") -> 0 | H23: =COUNTIFS('DP və TP'!$B:$B,B23, 'DP və TP'!$Z:$Z,"İcra olunmayıb",'DP və TP'!$AD:$AD,"<=2") -> 0 | I23: =COUNTIFS('DP və TP'!$B:$B,B23, 'DP və TP'!$Z:$Z,"İcra olunmayıb, prioritet deyil",'DP və TP'!$AD:$AD,"<=2") -> 0 | J23: =COUNTIFS('DP və TP'!$B:$B,B23, 'DP və TP'!$K:$K,"Tapşırıqların İcrasına Nəzarət platforması üzrə", 'DP və TP'!$Z:$Z,"Tam icra",'DP və TP'!$AD:$AD,"<=2") -> 0 | K23: =COUNTIFS('DP və TP'!$B:$B,B23, 'DP və TP'!$K:$K,"Tapşırıqların İcrasına Nəzarət platforması üzrə", 'DP və TP'!$Z:$Z,"Qismən icra",'DP və TP'!$AD:$AD,"<=2") -> 0 | L23: =COUNTIFS('DP və TP'!$B:$B,B23, 'DP və TP'!$K:$K,"Tapşırıqların İcrasına Nəzarət platforması üzrə", 'DP və TP'!$Z:$Z,"İcra müddətinə var",'DP və TP'!$AD:$AD,"<=2") -> 0 | M23: =COUNTIFS('DP və TP'!$B:$B,B23, 'DP və TP'!$K:$K,"Tapşırıqların İcrasına Nəzarət platforması üzrə", 'DP və TP'!$Z:$Z,"Gecikmə",'DP və TP'!$AD:$AD,"<=2") -> 0 | N23: =COUNTIFS('DP və TP'!$B:$B,B23, 'DP və TP'!$K:$K,"Tapşırıqların İcrasına Nəzarət platforması üzrə", 'DP və TP'!$Z:$Z,"İcra olunmayıb",'DP və TP'!$AD:$AD,"<=2") -> 0 | O23: =COUNTIFS('DP və TP'!$B:$B,B23, 'DP və TP'!$K:$K,"Tapşırıqların İcrasına Nəzarət platforması üzrə", 'DP və TP'!$Z:$Z,"İcra olunmayıb, prioritet deyil",'DP və TP'!$AD:$AD,"<=2") -> 0 | P23: =SUM(J23:O23) -> 0
A24: 14 | B24: Respublikada ətraf mühitin mühafizəsi üzrə 2020–2025-ci illər üçün Tədbirlər Proqramı | C24: =COUNTIFS('DP və TP'!$B:$B,B24,'DP və TP'!$AD:$AD,"<=2") -> 16 | D24: =COUNTIFS('DP və TP'!$B:$B,B24,'DP və TP'!$Z:$Z,"Tam icra",'DP və TP'!$AD:$AD,"<=2") -> 0 | E24: =COUNTIFS('DP və TP'!$B:$B,B24, 'DP və TP'!$Z:$Z,"Qismən icra",'DP və TP'!$AD:$AD,"<=2") -> 0 | F24: =COUNTIFS('DP və TP'!$B:$B,B24, 'DP və TP'!$Z:$Z,"İcra müddətinə var",'DP və TP'!$AD:$AD,"<=2") -> 0 | G24: =COUNTIFS('DP və TP'!$B:$B,B24, 'DP və TP'!$Z:$Z,"Gecikmə",'DP və TP'!$AD:$AD,"<=2") -> 0 | H24: =COUNTIFS('DP və TP'!$B:$B,B24, 'DP və TP'!$Z:$Z,"İcra olunmayıb",'DP və TP'!$AD:$AD,"<=2") -> 0 | I24: =COUNTIFS('DP və TP'!$B:$B,B24, 'DP və TP'!$Z:$Z,"İcra olunmayıb, prioritet deyil",'DP və TP'!$AD:$AD,"<=2") -> 0 | J24: =COUNTIFS('DP və TP'!$B:$B,B24, 'DP və TP'!$K:$K,"Tapşırıqların İcrasına Nəzarət platforması üzrə", 'DP və TP'!$Z:$Z,"Tam icra",'DP və TP'!$AD:$AD,"<=2") -> 0 | K24: =COUNTIFS('DP və TP'!$B:$B,B24, 'DP və TP'!$K:$K,"Tapşırıqların İcrasına Nəzarət platforması üzrə", 'DP və TP'!$Z:$Z,"Qismən icra",'DP və TP'!$AD:$AD,"<=2") -> 0 | L24: =COUNTIFS('DP və TP'!$B:$B,B24, 'DP və TP'!$K:$K,"Tapşırıqların İcrasına Nəzarət platforması üzrə", 'DP və TP'!$Z:$Z,"İcra müddətinə var",'DP və TP'!$AD:$AD,"<=2") -> 0 | M24: =COUNTIFS('DP və TP'!$B:$B,B24, 'DP və TP'!$K:$K,"Tapşırıqların İcrasına Nəzarət platforması üzrə", 'DP və TP'!$Z:$Z,"Gecikmə",'DP və TP'!$AD:$AD,"<=2") -> 0 | N24: =COUNTIFS('DP və TP'!$B:$B,B24, 'DP və TP'!$K:$K,"Tapşırıqların İcrasına Nəzarət platforması üzrə", 'DP və TP'!$Z:$Z,"İcra olunmayıb",'DP və TP'!$AD:$AD,"<=2") -> 0 | O24: =COUNTIFS('DP və TP'!$B:$B,B24, 'DP və TP'!$K:$K,"Tapşırıqların İcrasına Nəzarət platforması üzrə", 'DP və TP'!$Z:$Z,"İcra olunmayıb, prioritet deyil",'DP və TP'!$AD:$AD,"<=2") -> 0 | P24: =SUM(J24:O24) -> 0
A25: 15 | B25: “Respublikada innovasiya mühitinin inkişafı üzrə 2023–2026-ci illər üçün Konsepsiyanın icrası üzrə Fəaliyyət Planı” | C25: =COUNTIFS('DP və TP'!$B:$B,B25,'DP və TP'!$AD:$AD,"<=2") -> 2 | D25: =COUNTIFS('DP və TP'!$B:$B,B25,'DP və TP'!$Z:$Z,"Tam icra",'DP və TP'!$AD:$AD,"<=2") -> 0 | E25: =COUNTIFS('DP və TP'!$B:$B,B25, 'DP və TP'!$Z:$Z,"Qismən icra",'DP və TP'!$AD:$AD,"<=2") -> 0 | F25: =COUNTIFS('DP və TP'!$B:$B,B25, 'DP və TP'!$Z:$Z,"İcra müddətinə var",'DP və TP'!$AD:$AD,"<=2") -> 0 | G25: =COUNTIFS('DP və TP'!$B:$B,B25, 'DP və TP'!$Z:$Z,"Gecikmə",'DP və TP'!$AD:$AD,"<=2") -> 0 | H25: =COUNTIFS('DP və TP'!$B:$B,B25, 'DP və TP'!$Z:$Z,"İcra olunmayıb",'DP və TP'!$AD:$AD,"<=2") -> 0 | I25: =COUNTIFS('DP və TP'!$B:$B,B25, 'DP və TP'!$Z:$Z,"İcra olunmayıb, prioritet deyil",'DP və TP'!$AD:$AD,"<=2") -> 0 | J25: =COUNTIFS('DP və TP'!$B:$B,B25, 'DP və TP'!$K:$K,"Tapşırıqların İcrasına Nəzarət platforması üzrə", 'DP və TP'!$Z:$Z,"Tam icra",'DP və TP'!$AD:$AD,"<=2") -> 0 | K25: =COUNTIFS('DP və TP'!$B:$B,B25, 'DP və TP'!$K:$K,"Tapşırıqların İcrasına Nəzarət platforması üzrə", 'DP və TP'!$Z:$Z,"Qismən icra",'DP və TP'!$AD:$AD,"<=2") -> 0 | L25: =COUNTIFS('DP və TP'!$B:$B,B25, 'DP və TP'!$K:$K,"Tapşırıqların İcrasına Nəzarət platforması üzrə", 'DP və TP'!$Z:$Z,"İcra müddətinə var",'DP və TP'!$AD:$AD,"<=2") -> 0 | M25: =COUNTIFS('DP və TP'!$B:$B,B25, 'DP və TP'!$K:$K,"Tapşırıqların İcrasına Nəzarət platforması üzrə", 'DP və TP'!$Z:$Z,"Gecikmə",'DP və TP'!$AD:$AD,"<=2") -> 0 | N25: =COUNTIFS('DP və TP'!$B:$B,B25, 'DP və TP'!$K:$K,"Tapşırıqların İcrasına Nəzarət platforması üzrə", 'DP və TP'!$Z:$Z,"İcra olunmayıb",'DP və TP'!$AD:$AD,"<=2") -> 0 | O25: =COUNTIFS('DP və TP'!$B:$B,B25, 'DP və TP'!$K:$K,"Tapşırıqların İcrasına Nəzarət platforması üzrə", 'DP və TP'!$Z:$Z,"İcra olunmayıb, prioritet deyil",'DP və TP'!$AD:$AD,"<=2") -> 0 | P25: =SUM(J25:O25) -> 0
A26: 16 | B26: Respublikada rəqəmsal xidmətlərin inkişafı üzrə 2025–2027-ci illər üçün Milli Fəaliyyət Planı | C26: =COUNTIFS('DP və TP'!$B:$B,B26,'DP və TP'!$AD:$AD,"<=2") -> 8 | D26: =COUNTIFS('DP və TP'!$B:$B,B26,'DP və TP'!$Z:$Z,"Tam icra",'DP və TP'!$AD:$AD,"<=2") -> 0 | E26: =COUNTIFS('DP və TP'!$B:$B,B26, 'DP və TP'!$Z:$Z,"Qismən icra",'DP və TP'!$AD:$AD,"<=2") -> 0 | F26: =COUNTIFS('DP və TP'!$B:$B,B26, 'DP və TP'!$Z:$Z,"İcra müddətinə var",'DP və TP'!$AD:$AD,"<=2") -> 0 | G26: =COUNTIFS('DP və TP'!$B:$B,B26, 'DP və TP'!$Z:$Z,"Gecikmə",'DP və TP'!$AD:$AD,"<=2") -> 0 | H26: =COUNTIFS('DP və TP'!$B:$B,B26, 'DP və TP'!$Z:$Z,"İcra olunmayıb",'DP və TP'!$AD:$AD,"<=2") -> 0 | I26: =COUNTIFS('DP və TP'!$B:$B,B26, 'DP və TP'!$Z:$Z,"İcra olunmayıb, prioritet deyil",'DP və TP'!$AD:$AD,"<=2") -> 0 | J26: =COUNTIFS('DP və TP'!$B:$B,B26, 'DP və TP'!$K:$K,"Tapşırıqların İcrasına Nəzarət platforması üzrə", 'DP və TP'!$Z:$Z,"Tam icra",'DP və TP'!$AD:$AD,"<=2") -> 0 | K26: =COUNTIFS('DP və TP'!$B:$B,B26, 'DP və TP'!$K:$K,"Tapşırıqların İcrasına Nəzarət platforması üzrə", 'DP və TP'!$Z:$Z,"Qismən icra",'DP və TP'!$AD:$AD,"<=2") -> 0 | L26: =COUNTIFS('DP və TP'!$B:$B,B26, 'DP və TP'!$K:$K,"Tapşırıqların İcrasına Nəzarət platforması üzrə", 'DP və TP'!$Z:$Z,"İcra müddətinə var",'DP və TP'!$AD:$AD,"<=2") -> 0 | M26: =COUNTIFS('DP və TP'!$B:$B,B26, 'DP və TP'!$K:$K,"Tapşırıqların İcrasına Nəzarət platforması üzrə", 'DP və TP'!$Z:$Z,"Gecikmə",'DP və TP'!$AD:$AD,"<=2") -> 0 | N26: =COUNTIFS('DP və TP'!$B:$B,B26, 'DP və TP'!$K:$K,"Tapşırıqların İcrasına Nəzarət platforması üzrə", 'DP və TP'!$Z:$Z,"İcra olunmayıb",'DP və TP'!$AD:$AD,"<=2") -> 0 | O26: =COUNTIFS('DP və TP'!$B:$B,B26, 'DP və TP'!$K:$K,"Tapşırıqların İcrasına Nəzarət platforması üzrə", 'DP və TP'!$Z:$Z,"İcra olunmayıb, prioritet deyil",'DP və TP'!$AD:$AD,"<=2") -> 0 | P26: =SUM(J26:O26) -> 0
A27: 17 | B27: “Respublikada könüllülük hərəkatının təşviqi üzrə 2021–2025-ci illər üçün Tədbirlər Proqramı” | C27: =COUNTIFS('DP və TP'!$B:$B,B27,'DP və TP'!$AD:$AD,"<=2") -> 12 | D27: =COUNTIFS('DP və TP'!$B:$B,B27,'DP və TP'!$Z:$Z,"Tam icra",'DP və TP'!$AD:$AD,"<=2") -> 0 | E27: =COUNTIFS('DP və TP'!$B:$B,B27, 'DP və TP'!$Z:$Z,"Qismən icra",'DP və TP'!$AD:$AD,"<=2") -> 0 | F27: =COUNTIFS('DP və TP'!$B:$B,B27, 'DP və TP'!$Z:$Z,"İcra müddətinə var",'DP və TP'!$AD:$AD,"<=2") -> 0 | G27: =COUNTIFS('DP və TP'!$B:$B,B27, 'DP və TP'!$Z:$Z,"Gecikmə",'DP və TP'!$AD:$AD,"<=2") -> 0 | H27: =COUNTIFS('DP və TP'!$B:$B,B27, 'DP və TP'!$Z:$Z,"İcra olunmayıb",'DP və TP'!$AD:$AD,"<=2") -> 0 | I27: =COUNTIFS('DP və TP'!$B:$B,B27, 'DP və TP'!$Z:$Z,"İcra olunmayıb, prioritet deyil",'DP və TP'!$AD:$AD,"<=2") -> 0 | J27: =COUNTIFS('DP və TP'!$B:$B,B27, 'DP və TP'!$K:$K,"Tapşırıqların İcrasına Nəzarət platforması üzrə", 'DP və TP'!$Z:$Z,"Tam icra",'DP və TP'!$AD:$AD,"<=2") -> 0 | K27: =COUNTIFS('DP və TP'!$B:$B,B27, 'DP və TP'!$K:$K,"Tapşırıqların İcrasına Nəzarət platforması üzrə", 'DP və TP'!$Z:$Z,"Qismən icra",'DP və TP'!$AD:$AD,"<=2") -> 0 | L27: =COUNTIFS('DP və TP'!$B:$B,B27, 'DP və TP'!$K:$K,"Tapşırıqların İcrasına Nəzarət platforması üzrə", 'DP və TP'!$Z:$Z,"İcra müddətinə var",'DP və TP'!$AD:$AD,"<=2") -> 0 | M27: =COUNTIFS('DP və TP'!$B:$B,B27, 'DP və TP'!$K:$K,"Tapşırıqların İcrasına Nəzarət platforması üzrə", 'DP və TP'!$Z:$Z,"Gecikmə",'DP və TP'!$AD:$AD,"<=2") -> 0 | N27: =COUNTIFS('DP və TP'!$B:$B,B27, 'DP və TP'!$K:$K,"Tapşırıqların İcrasına Nəzarət platforması üzrə", 'DP və TP'!$Z:$Z,"İcra olunmayıb",'DP və TP'!$AD:$AD,"<=2") -> 0 | O27: =COUNTIFS('DP və TP'!$B:$B,B27, 'DP və TP'!$K:$K,"Tapşırıqların İcrasına Nəzarət platforması üzrə", 'DP və TP'!$Z:$Z,"İcra olunmayıb, prioritet deyil",'DP və TP'!$AD:$AD,"<=2") -> 0 | P27: =SUM(J27:O27) -> 0
A28: 18 | B28: “Respublikada ailə institutunun möhkəmləndirilməsi üzrə 2021–2025-ci illər üçün Milli Fəaliyyət Planı” | C28: =COUNTIFS('DP və TP'!$B:$B,B28,'DP və TP'!$AD:$AD,"<=2") -> 23 | D28: =COUNTIFS('DP və TP'!$B:$B,B28,'DP və TP'!$Z:$Z,"Tam icra",'DP və TP'!$AD:$AD,"<=2") -> 0 | E28: =COUNTIFS('DP və TP'!$B:$B,B28, 'DP və TP'!$Z:$Z,"Qismən icra",'DP və TP'!$AD:$AD,"<=2") -> 0 | F28: =COUNTIFS('DP və TP'!$B:$B,B28, 'DP və TP'!$Z:$Z,"İcra müddətinə var",'DP və TP'!$AD:$AD,"<=2") -> 0 | G28: =COUNTIFS('DP və TP'!$B:$B,B28, 'DP və TP'!$Z:$Z,"Gecikmə",'DP və TP'!$AD:$AD,"<=2") -> 0 | H28: =COUNTIFS('DP və TP'!$B:$B,B28, 'DP və TP'!$Z:$Z,"İcra olunmayıb",'DP və TP'!$AD:$AD,"<=2") -> 0 | I28: =COUNTIFS('DP və TP'!$B:$B,B28, 'DP və TP'!$Z:$Z,"İcra olunmayıb, prioritet deyil",'DP və TP'!$AD:$AD,"<=2") -> 0 | J28: =COUNTIFS('DP və TP'!$B:$B,B28, 'DP və TP'!$K:$K,"Tapşırıqların İcrasına Nəzarət platforması üzrə", 'DP və TP'!$Z:$Z,"Tam icra",'DP və TP'!$AD:$AD,"<=2") -> 0 | K28: =COUNTIFS('DP və TP'!$B:$B,B28, 'DP və TP'!$K:$K,"Tapşırıqların İcrasına Nəzarət platforması üzrə", 'DP və TP'!$Z:$Z,"Qismən icra",'DP və TP'!$AD:$AD,"<=2") -> 0 | L28: =COUNTIFS('DP və TP'!$B:$B,B28, 'DP və TP'!$K:$K,"Tapşırıqların İcrasına Nəzarət platforması üzrə", 'DP və TP'!$Z:$Z,"İcra müddətinə var",'DP və TP'!$AD:$AD,"<=2") -> 0 | M28: =COUNTIFS('DP və TP'!$B:$B,B28, 'DP və TP'!$K:$K,"Tapşırıqların İcrasına Nəzarət platforması üzrə", 'DP və TP'!$Z:$Z,"Gecikmə",'DP və TP'!$AD:$AD,"<=2") -> 0 | N28: =COUNTIFS('DP və TP'!$B:$B,B28, 'DP və TP'!$K:$K,"Tapşırıqların İcrasına Nəzarət platforması üzrə", 'DP və TP'!$Z:$Z,"İcra olunmayıb",'DP və TP'!$AD:$AD,"<=2") -> 0 | O28: =COUNTIFS('DP və TP'!$B:$B,B28, 'DP və TP'!$K:$K,"Tapşırıqların İcrasına Nəzarət platforması üzrə", 'DP və TP'!$Z:$Z,"İcra olunmayıb, prioritet deyil",'DP və TP'!$AD:$AD,"<=2") -> 0 | P28: =SUM(J28:O28) -> 0
A29: 19 | B29: Respublikada vətəndaş müraciətlərinin səmərəli idarə olunması üzrə 2023–2027-ci illər üçün Strategiyanın həyata keçirilməsi üzrə Tədbirlər Planı | C29: =COUNTIFS('DP və TP'!$B:$B,B29,'DP və TP'!$AD:$AD,"<=2") -> 12 | D29: =COUNTIFS('DP və TP'!$B:$B,B29,'DP və TP'!$Z:$Z,"Tam icra",'DP və TP'!$AD:$AD,"<=2") -> 0 | E29: =COUNTIFS('DP və TP'!$B:$B,B29, 'DP və TP'!$Z:$Z,"Qismən icra",'DP və TP'!$AD:$AD,"<=2") -> 0 | F29: =COUNTIFS('DP və TP'!$B:$B,B29, 'DP və TP'!$Z:$Z,"İcra müddətinə var",'DP və TP'!$AD:$AD,"<=2") -> 0 | G29: =COUNTIFS('DP və TP'!$B:$B,B29, 'DP və TP'!$Z:$Z,"Gecikmə",'DP və TP'!$AD:$AD,"<=2") -> 0 | H29: =COUNTIFS('DP və TP'!$B:$B,B29, 'DP və TP'!$Z:$Z,"İcra olunmayıb",'DP və TP'!$AD:$AD,"<=2") -> 0 | I29: =COUNTIFS('DP və TP'!$B:$B,B29, 'DP və TP'!$Z:$Z,"İcra olunmayıb, prioritet deyil",'DP və TP'!$AD:$AD,"<=2") -> 0 | J29: =COUNTIFS('DP və TP'!$B:$B,B29, 'DP və TP'!$K:$K,"Tapşırıqların İcrasına Nəzarət platforması üzrə", 'DP və TP'!$Z:$Z,"Tam icra",'DP və TP'!$AD:$AD,"<=2") -> 0 | K29: =COUNTIFS('DP və TP'!$B:$B,B29, 'DP və TP'!$K:$K,"Tapşırıqların İcrasına Nəzarət platforması üzrə", 'DP və TP'!$Z:$Z,"Qismən icra",'DP və TP'!$AD:$AD,"<=2") -> 0 | L29: =COUNTIFS('DP və TP'!$B:$B,B29, 'DP və TP'!$K:$K,"Tapşırıqların İcrasına Nəzarət platforması üzrə", 'DP və TP'!$Z:$Z,"İcra müddətinə var",'DP və TP'!$AD:$AD,"<=2") -> 0 | M29: =COUNTIFS('DP və TP'!$B:$B,B29, 'DP və TP'!$K:$K,"Tapşırıqların İcrasına Nəzarət platforması üzrə", 'DP və TP'!$Z:$Z,"Gecikmə",'DP və TP'!$AD:$AD,"<=2") -> 0 | N29: =COUNTIFS('DP və TP'!$B:$B,B29, 'DP və TP'!$K:$K,"Tapşırıqların İcrasına Nəzarət platforması üzrə", 'DP və TP'!$Z:$Z,"İcra olunmayıb",'DP və TP'!$AD:$AD,"<=2") -> 0 | O29: =COUNTIFS('DP və TP'!$B:$B,B29, 'DP və TP'!$K:$K,"Tapşırıqların İcrasına Nəzarət platforması üzrə", 'DP və TP'!$Z:$Z,"İcra olunmayıb, prioritet deyil",'DP və TP'!$AD:$AD,"<=2") -> 0 | P29: =SUM(J29:O29) -> 0
A30: 20 | B30: Respublikada gənclərin məşğulluğunun artırılması üzrə 2020–2024-ci illər üçün Strategiyanın həyata keçirilməsi üzrə Tədbirlər Planı | C30: =COUNTIFS('DP və TP'!$B:$B,B30,'DP və TP'!$AD:$AD,"<=2") -> 2 | D30: =COUNTIFS('DP və TP'!$B:$B,B30,'DP və TP'!$Z:$Z,"Tam icra",'DP və TP'!$AD:$AD,"<=2") -> 0 | E30: =COUNTIFS('DP və TP'!$B:$B,B30, 'DP və TP'!$Z:$Z,"Qismən icra",'DP və TP'!$AD:$AD,"<=2") -> 0 | F30: =COUNTIFS('DP və TP'!$B:$B,B30, 'DP və TP'!$Z:$Z,"İcra müddətinə var",'DP və TP'!$AD:$AD,"<=2") -> 0 | G30: =COUNTIFS('DP və TP'!$B:$B,B30, 'DP və TP'!$Z:$Z,"Gecikmə",'DP və TP'!$AD:$AD,"<=2") -> 0 | H30: =COUNTIFS('DP və TP'!$B:$B,B30, 'DP və TP'!$Z:$Z,"İcra olunmayıb",'DP və TP'!$AD:$AD,"<=2") -> 0 | I30: =COUNTIFS('DP və TP'!$B:$B,B30, 'DP və TP'!$Z:$Z,"İcra olunmayıb, prioritet deyil",'DP və TP'!$AD:$AD,"<=2") -> 0 | J30: =COUNTIFS('DP və TP'!$B:$B,B30, 'DP və TP'!$K:$K,"Tapşırıqların İcrasına Nəzarət platforması üzrə", 'DP və TP'!$Z:$Z,"Tam icra",'DP və TP'!$AD:$AD,"<=2") -> 0 | K30: =COUNTIFS('DP və TP'!$B:$B,B30, 'DP və TP'!$K:$K,"Tapşırıqların İcrasına Nəzarət platforması üzrə", 'DP və TP'!$Z:$Z,"Qismən icra",'DP və TP'!$AD:$AD,"<=2") -> 0 | L30: =COUNTIFS('DP və TP'!$B:$B,B30, 'DP və TP'!$K:$K,"Tapşırıqların İcrasına Nəzarət platforması üzrə", 'DP və TP'!$Z:$Z,"İcra müddətinə var",'DP və TP'!$AD:$AD,"<=2") -> 0 | M30: =COUNTIFS('DP və TP'!$B:$B,B30, 'DP və TP'!$K:$K,"Tapşırıqların İcrasına Nəzarət platforması üzrə", 'DP və TP'!$Z:$Z,"Gecikmə",'DP və TP'!$AD:$AD,"<=2") -> 0 | N30: =COUNTIFS('DP və TP'!$B:$B,B30, 'DP və TP'!$K:$K,"Tapşırıqların İcrasına Nəzarət platforması üzrə", 'DP və TP'!$Z:$Z,"İcra olunmayıb",'DP və TP'!$AD:$AD,"<=2") -> 0 | O30: =COUNTIFS('DP və TP'!$B:$B,B30, 'DP və TP'!$K:$K,"Tapşırıqların İcrasına Nəzarət platforması üzrə", 'DP və TP'!$Z:$Z,"İcra olunmayıb, prioritet deyil",'DP və TP'!$AD:$AD,"<=2") -> 0 | P30: =SUM(J30:O30) -> 0
A31: 21 | B31: “Respublikada şəffaflığın və hesabatlılığın artırılması üzrə 2021–2025-ci illər üçün Strategiyanın həyata keçirilməsi üzrə Tədbirlər Planı” | C31: =COUNTIFS('DP və TP'!$B:$B,B31,'DP və TP'!$AD:$AD,"<=2") -> 1 | D31: =COUNTIFS('DP və TP'!$B:$B,B31,'DP və TP'!$Z:$Z,"Tam icra",'DP və TP'!$AD:$AD,"<=2") -> 0 | E31: =COUNTIFS('DP və TP'!$B:$B,B31, 'DP və TP'!$Z:$Z,"Qismən icra",'DP və TP'!$AD:$AD,"<=2") -> 0 | F31: =COUNTIFS('DP və TP'!$B:$B,B31, 'DP və TP'!$Z:$Z,"İcra müddətinə var",'DP və TP'!$AD:$AD,"<=2") -> 0 | G31: =COUNTIFS('DP və TP'!$B:$B,B31, 'DP və TP'!$Z:$Z,"Gecikmə",'DP və TP'!$AD:$AD,"<=2") -> 0 | H31: =COUNTIFS('DP və TP'!$B:$B,B31, 'DP və TP'!$Z:$Z,"İcra olunmayıb",'DP və TP'!$AD:$AD,"<=2") -> 0 | I31: =COUNTIFS('DP və TP'!$B:$B,B31, 'DP və TP'!$Z:$Z,"İcra olunmayıb, prioritet deyil",'DP və TP'!$AD:$AD,"<=2") -> 0 | J31: =COUNTIFS('DP və TP'!$B:$B,B31, 'DP və TP'!$K:$K,"Tapşırıqların İcrasına Nəzarət platforması üzrə", 'DP və TP'!$Z:$Z,"Tam icra",'DP və TP'!$AD:$AD,"<=2") -> 0 | K31: =COUNTIFS('DP və TP'!$B:$B,B31, 'DP və TP'!$K:$K,"Tapşırıqların İcrasına Nəzarət platforması üzrə", 'DP və TP'!$Z:$Z,"Qismən icra",'DP və TP'!$AD:$AD,"<=2") -> 0 | L31: =COUNTIFS('DP və TP'!$B:$B,B31, 'DP və TP'!$K:$K,"Tapşırıqların İcrasına Nəzarət platforması üzrə", 'DP və TP'!$Z:$Z,"İcra müddətinə var",'DP və TP'!$AD:$AD,"<=2") -> 0 | M31: =COUNTIFS('DP və TP'!$B:$B,B31, 'DP və TP'!$K:$K,"Tapşırıqların İcrasına Nəzarət platforması üzrə", 'DP və TP'!$Z:$Z,"Gecikmə",'DP və TP'!$AD:$AD,"<=2") -> 0 | N31: =COUNTIFS('DP və TP'!$B:$B,B31, 'DP və TP'!$K:$K,"Tapşırıqların İcrasına Nəzarət platforması üzrə", 'DP və TP'!$Z:$Z,"İcra olunmayıb",'DP və TP'!$AD:$AD,"<=2") -> 0 | O31: =COUNTIFS('DP və TP'!$B:$B,B31, 'DP və TP'!$K:$K,"Tapşırıqların İcrasına Nəzarət platforması üzrə", 'DP və TP'!$Z:$Z,"İcra olunmayıb, prioritet deyil",'DP və TP'!$AD:$AD,"<=2") -> 0 | P31: =SUM(J31:O31) -> 0
A32: 22 | B32: Respublikada uşaq hüquqlarının qorunması üzrə 2023–2028-ci illər üçün Dövlət Proqramı | C32: =COUNTIFS('DP və TP'!$B:$B,B32,'DP və TP'!$AD:$AD,"<=2") -> 4 | D32: =COUNTIFS('DP və TP'!$B:$B,B32,'DP və TP'!$Z:$Z,"Tam icra",'DP və TP'!$AD:$AD,"<=2") -> 0 | E32: =COUNTIFS('DP və TP'!$B:$B,B32, 'DP və TP'!$Z:$Z,"Qismən icra",'DP və TP'!$AD:$AD,"<=2") -> 0 | F32: =COUNTIFS('DP və TP'!$B:$B,B32, 'DP və TP'!$Z:$Z,"İcra müddətinə var",'DP və TP'!$AD:$AD,"<=2") -> 0 | G32: =COUNTIFS('DP və TP'!$B:$B,B32, 'DP və TP'!$Z:$Z,"Gecikmə",'DP və TP'!$AD:$AD,"<=2") -> 0 | H32: =COUNTIFS('DP və TP'!$B:$B,B32, 'DP və TP'!$Z:$Z,"İcra olunmayıb",'DP və TP'!$AD:$AD,"<=2") -> 0 | I32: =COUNTIFS('DP və TP'!$B:$B,B32, 'DP və TP'!$Z:$Z,"İcra olunmayıb, prioritet deyil",'DP və TP'!$AD:$AD,"<=2") -> 0 | J32: =COUNTIFS('DP və TP'!$B:$B,B32, 'DP və TP'!$K:$K,"Tapşırıqların İcrasına Nəzarət platforması üzrə", 'DP və TP'!$Z:$Z,"Tam icra",'DP və TP'!$AD:$AD,"<=2") -> 0 | K32: =COUNTIFS('DP və TP'!$B:$B,B32, 'DP və TP'!$K:$K,"Tapşırıqların İcrasına Nəzarət platforması üzrə", 'DP və TP'!$Z:$Z,"Qismən icra",'DP və TP'!$AD:$AD,"<=2") -> 0 | L32: =COUNTIFS('DP və TP'!$B:$B,B32, 'DP və TP'!$K:$K,"Tapşırıqların İcrasına Nəzarət platforması üzrə", 'DP və TP'!$Z:$Z,"İcra müddətinə var",'DP və TP'!$AD:$AD,"<=2") -> 0 | M32: =COUNTIFS('DP və TP'!$B:$B,B32, 'DP və TP'!$K:$K,"Tapşırıqların İcrasına Nəzarət platforması üzrə", 'DP və TP'!$Z:$Z,"Gecikmə",'DP və TP'!$AD:$AD,"<=2") -> 0 | N32: =COUNTIFS('DP və TP'!$B:$B,B32, 'DP və TP'!$K:$K,"Tapşırıqların İcrasına Nəzarət platforması üzrə", 'DP və TP'!$Z:$Z,"İcra olunmayıb",'DP və TP'!$AD:$AD,"<=2") -> 0 | O32: =COUNTIFS('DP və TP'!$B:$B,B32, 'DP və TP'!$K:$K,"Tapşırıqların İcrasına Nəzarət platforması üzrə", 'DP və TP'!$Z:$Z,"İcra olunmayıb, prioritet deyil",'DP və TP'!$AD:$AD,"<=2") -> 0 | P32: =SUM(J32:O32) -> 0
A33: 23 | B33: Respublikada ailələrə dəstək proqramlarının genişləndirilməsi üzrə 2022–2025-ci illər üçün Strategiyanın həyata keçirilməsi üzrə Tədbirlər Planı | C33: =COUNTIFS('DP və TP'!$B:$B,B33,'DP və TP'!$AD:$AD,"<=2") -> 4 | D33: =COUNTIFS('DP və TP'!$B:$B,B33,'DP və TP'!$Z:$Z,"Tam icra",'DP və TP'!$AD:$AD,"<=2") -> 0 | E33: =COUNTIFS('DP və TP'!$B:$B,B33, 'DP və TP'!$Z:$Z,"Qismən icra",'DP və TP'!$AD:$AD,"<=2") -> 0 | F33: =COUNTIFS('DP və TP'!$B:$B,B33, 'DP və TP'!$Z:$Z,"İcra müddətinə var",'DP və TP'!$AD:$AD,"<=2") -> 0 | G33: =COUNTIFS('DP və TP'!$B:$B,B33, 'DP və TP'!$Z:$Z,"Gecikmə",'DP və TP'!$AD:$AD,"<=2") -> 0 | H33: =COUNTIFS('DP və TP'!$B:$B,B33, 'DP və TP'!$Z:$Z,"İcra olunmayıb",'DP və TP'!$AD:$AD,"<=2") -> 0 | I33: =COUNTIFS('DP və TP'!$B:$B,B33, 'DP və TP'!$Z:$Z,"İcra olunmayıb, prioritet deyil",'DP və TP'!$AD:$AD,"<=2") -> 0 | J33: =COUNTIFS('DP və TP'!$B:$B,B33, 'DP və TP'!$K:$K,"Tapşırıqların İcrasına Nəzarət platforması üzrə", 'DP və TP'!$Z:$Z,"Tam icra",'DP və TP'!$AD:$AD,"<=2") -> 0 | K33: =COUNTIFS('DP və TP'!$B:$B,B33, 'DP və TP'!$K:$K,"Tapşırıqların İcrasına Nəzarət platforması üzrə", 'DP və TP'!$Z:$Z,"Qismən icra",'DP və TP'!$AD:$AD,"<=2") -> 0 | L33: =COUNTIFS('DP və TP'!$B:$B,B33, 'DP və TP'!$K:$K,"Tapşırıqların İcrasına Nəzarət platforması üzrə", 'DP və TP'!$Z:$Z,"İcra müddətinə var",'DP və TP'!$AD:$AD,"<=2") -> 0 | M33: =COUNTIFS('DP və TP'!$B:$B,B33, 'DP və TP'!$K:$K,"Tapşırıqların İcrasına Nəzarət platforması üzrə", 'DP və TP'!$Z:$Z,"Gecikmə",'DP və TP'!$AD:$AD,"<=2") -> 0 | N33: =COUNTIFS('DP və TP'!$B:$B,B33, 'DP və TP'!$K:$K,"Tapşırıqların İcrasına Nəzarət platforması üzrə", 'DP və TP'!$Z:$Z,"İcra olunmayıb",'DP və TP'!$AD:$AD,"<=2") -> 0 | O33: =COUNTIFS('DP və TP'!$B:$B,B33, 'DP və TP'!$K:$K,"Tapşırıqların İcrasına Nəzarət platforması üzrə", 'DP və TP'!$Z:$Z,"İcra olunmayıb, prioritet deyil",'DP və TP'!$AD:$AD,"<=2") -> 0 | P33: =SUM(J33:O33) -> 0
A34: 24 | B34: Respublikada maarifləndirmə fəaliyyətinin təşkili üzrə 2020–2021-ci illər üçün Milli Fəaliyyət Planı | C34: =COUNTIFS('DP və TP'!$B:$B,B34,'DP və TP'!$AD:$AD,"<=2") -> 18 | D34: =COUNTIFS('DP və TP'!$B:$B,B34,'DP və TP'!$Z:$Z,"Tam icra",'DP və TP'!$AD:$AD,"<=2") -> 0 | E34: =COUNTIFS('DP və TP'!$B:$B,B34, 'DP və TP'!$Z:$Z,"Qismən icra",'DP və TP'!$AD:$AD,"<=2") -> 0 | F34: =COUNTIFS('DP və TP'!$B:$B,B34, 'DP və TP'!$Z:$Z,"İcra müddətinə var",'DP və TP'!$AD:$AD,"<=2") -> 0 | G34: =COUNTIFS('DP və TP'!$B:$B,B34, 'DP və TP'!$Z:$Z,"Gecikmə",'DP və TP'!$AD:$AD,"<=2") -> 0 | H34: =COUNTIFS('DP və TP'!$B:$B,B34, 'DP və TP'!$Z:$Z,"İcra olunmayıb",'DP və TP'!$AD:$AD,"<=2") -> 0 | I34: =COUNTIFS('DP və TP'!$B:$B,B34, 'DP və TP'!$Z:$Z,"İcra olunmayıb, prioritet deyil",'DP və TP'!$AD:$AD,"<=2") -> 0 | J34: =COUNTIFS('DP və TP'!$B:$B,B34, 'DP və TP'!$K:$K,"Tapşırıqların İcrasına Nəzarət platforması üzrə", 'DP və TP'!$Z:$Z,"Tam icra",'DP və TP'!$AD:$AD,"<=2") -> 0 | K34: =COUNTIFS('DP və TP'!$B:$B,B34, 'DP və TP'!$K:$K,"Tapşırıqların İcrasına Nəzarət platforması üzrə", 'DP və TP'!$Z:$Z,"Qismən icra",'DP və TP'!$AD:$AD,"<=2") -> 0 | L34: =COUNTIFS('DP və TP'!$B:$B,B34, 'DP və TP'!$K:$K,"Tapşırıqların İcrasına Nəzarət platforması üzrə", 'DP və TP'!$Z:$Z,"İcra müddətinə var",'DP və TP'!$AD:$AD,"<=2") -> 0 | M34: =COUNTIFS('DP və TP'!$B:$B,B34, 'DP və TP'!$K:$K,"Tapşırıqların İcrasına Nəzarət platforması üzrə", 'DP və TP'!$Z:$Z,"Gecikmə",'DP və TP'!$AD:$AD,"<=2") -> 0 | N34: =COUNTIFS('DP və TP'!$B:$B,B34, 'DP və TP'!$K:$K,"Tapşırıqların İcrasına Nəzarət platforması üzrə", 'DP və TP'!$Z:$Z,"İcra olunmayıb",'DP və TP'!$AD:$AD,"<=2") -> 0 | O34: =COUNTIFS('DP və TP'!$B:$B,B34, 'DP və TP'!$K:$K,"Tapşırıqların İcrasına Nəzarət platforması üzrə", 'DP və TP'!$Z:$Z,"İcra olunmayıb, prioritet deyil",'DP və TP'!$AD:$AD,"<=2") -> 0
A35: 25 | B35: “Respublikada monitorinq və qiymətləndirmə sisteminin qurulması üzrə 2019–2024-ci illər üçün Tədbirlər Proqramı” | C35: =COUNTIFS('DP və TP'!$B:$B,B35,'DP və TP'!$AD:$AD,"<=2") -> 28 | D35: =COUNTIFS('DP və TP'!$B:$B,B35,'DP və TP'!$Z:$Z,"Tam icra",'DP və TP'!$AD:$AD,"<=2") -> 0 | E35: =COUNTIFS('DP və TP'!$B:$B,B35, 'DP və TP'!$Z:$Z,"Qismən icra",'DP və TP'!$AD:$AD,"<=2") -> 0 | F35: =COUNTIFS('DP və TP'!$B:$B,B35, 'DP və TP'!$Z:$Z,"İcra müddətinə var",'DP və TP'!$AD:$AD,"<=2") -> 0 | G35: =COUNTIFS('DP və TP'!$B:$B,B35, 'DP və TP'!$Z:$Z,"Gecikmə",'DP və TP'!$AD:$AD,"<=2") -> 0 | H35: =COUNTIFS('DP və TP'!$B:$B,B35, 'DP və TP'!$Z:$Z,"İcra olunmayıb",'DP və TP'!$AD:$AD,"<=2") -> 0 | I35: =COUNTIFS('DP və TP'!$B:$B,B35, 'DP və TP'!$Z:$Z,"İcra olunmayıb, prioritet deyil",'DP və TP'!$AD:$AD,"<=2") -> 0 | J35: =COUNTIFS('DP və TP'!$B:$B,B35, 'DP və TP'!$K:$K,"Tapşırıqların İcrasına Nəzarət platforması üzrə", 'DP və TP'!$Z:$Z,"Tam icra",'DP və TP'!$AD:$AD,"<=2") -> 0 | K35: =COUNTIFS('DP və TP'!$B:$B,B35, 'DP və TP'!$K:$K,"Tapşırıqların İcrasına Nəzarət platforması üzrə", 'DP və TP'!$Z:$Z,"Qismən icra",'DP və TP'!$AD:$AD,"<=2") -> 0 | L35: =COUNTIFS('DP və TP'!$B:$B,B35, 'DP və TP'!$K:$K,"Tapşırıqların İcrasına Nəzarət platforması üzrə", 'DP və TP'!$Z:$Z,"İcra müddətinə var",'DP və TP'!$AD:$AD,"<=2") -> 0 | M35: =COUNTIFS('DP və TP'!$B:$B,B35, 'DP və TP'!$K:$K,"Tapşırıqların İcrasına Nəzarət platforması üzrə", 'DP və TP'!$Z:$Z,"Gecikmə",'DP və TP'!$AD:$AD,"<=2") -> 0 | N35: =COUNTIFS('DP və TP'!$B:$B,B35, 'DP və TP'!$K:$K,"Tapşırıqların İcrasına Nəzarət platforması üzrə", 'DP və TP'!$Z:$Z,"İcra olunmayıb",'DP və TP'!$AD:$AD,"<=2") -> 0 | O35: =COUNTIFS('DP və TP'!$B:$B,B35, 'DP və TP'!$K:$K,"Tapşırıqların İcrasına Nəzarət platforması üzrə", 'DP və TP'!$Z:$Z,"İcra olunmayıb, prioritet deyil",'DP və TP'!$AD:$AD,"<=2") -> 0 | P35: =SUM(J35:O35) -> 0
A36: 26 | B36: “Respublikada qlobal tərəfdaşlıqların genişləndirilməsi üzrə 2026–2029-ci illər üçün Strategiyanın həyata keçirilməsi üzrə Tədbirlər Planı” | C36: =COUNTIFS('DP və TP'!$B:$B,B36,'DP və TP'!$AD:$AD,"<=2") -> 124 | D36: =COUNTIFS('DP və TP'!$B:$B,B36,'DP və TP'!$Z:$Z,"Tam icra",'DP və TP'!$AD:$AD,"<=2") -> 0 | E36: =COUNTIFS('DP və TP'!$B:$B,B36, 'DP və TP'!$Z:$Z,"Qismən icra",'DP və TP'!$AD:$AD,"<=2") -> 0 | F36: =COUNTIFS('DP və TP'!$B:$B,B36, 'DP və TP'!$Z:$Z,"İcra müddətinə var",'DP və TP'!$AD:$AD,"<=2") -> 0 | G36: =COUNTIFS('DP və TP'!$B:$B,B36, 'DP və TP'!$Z:$Z,"Gecikmə",'DP və TP'!$AD:$AD,"<=2") -> 0 | H36: =COUNTIFS('DP və TP'!$B:$B,B36, 'DP və TP'!$Z:$Z,"İcra olunmayıb",'DP və TP'!$AD:$AD,"<=2") -> 0 | I36: =COUNTIFS('DP və TP'!$B:$B,B36, 'DP və TP'!$Z:$Z,"İcra olunmayıb, prioritet deyil",'DP və TP'!$AD:$AD,"<=2") -> 0 | J36: =COUNTIFS('DP və TP'!$B:$B,B36, 'DP və TP'!$K:$K,"Tapşırıqların İcrasına Nəzarət platforması üzrə", 'DP və TP'!$Z:$Z,"Tam icra",'DP və TP'!$AD:$AD,"<=2") -> 0 | K36: =COUNTIFS('DP və TP'!$B:$B,B36, 'DP və TP'!$K:$K,"Tapşırıqların İcrasına Nəzarət platforması üzrə", 'DP və TP'!$Z:$Z,"Qismən icra",'DP və TP'!$AD:$AD,"<=2") -> 0 | L36: =COUNTIFS('DP və TP'!$B:$B,B36, 'DP və TP'!$K:$K,"Tapşırıqların İcrasına Nəzarət platforması üzrə", 'DP və TP'!$Z:$Z,"İcra müddətinə var",'DP və TP'!$AD:$AD,"<=2") -> 0 | M36: =COUNTIFS('DP və TP'!$B:$B,B36, 'DP və TP'!$K:$K,"Tapşırıqların İcrasına Nəzarət platforması üzrə", 'DP və TP'!$Z:$Z,"Gecikmə",'DP və TP'!$AD:$AD,"<=2") -> 0 | N36: =COUNTIFS('DP və TP'!$B:$B,B36, 'DP və TP'!$K:$K,"Tapşırıqların İcrasına Nəzarət platforması üzrə", 'DP və TP'!$Z:$Z,"İcra olunmayıb",'DP və TP'!$AD:$AD,"<=2") -> 0 | O36: =COUNTIFS('DP və TP'!$B:$B,B36, 'DP və TP'!$K:$K,"Tapşırıqların İcrasına Nəzarət platforması üzrə", 'DP və TP'!$Z:$Z,"İcra olunmayıb, prioritet deyil",'DP və TP'!$AD:$AD,"<=2") -> 0 | P36: =SUM(J36:O36) -> 0
